DATEPRD,NPD_WELL_BORE_CODE,NPD_WELL_BORE_NAME,ON_STREAM_HRS,AVG_DOWNHOLE_PRESSURE,AVG_DOWNHOLE_TEMPERATURE,AVG_DP_TUBING,AVG_ANNULUS_PRESS,AVG_CHOKE_SIZE_P,AVG_WHP_P,AVG_WHT_P,DP_CHOKE_SIZE,BORE_OIL_VOL,BORE_GAS_VOL,BORE_WAT_VOL
07-Apr-14,7405,15/9-F-1 C,0,0,0,0,0,0,0,0,0,0,0,0
08-Apr-14,7405,15/9-F-1 C,0,0,0,0,0,1.00306,0,0,0,0,0,0
09-Apr-14,7405,15/9-F-1 C,0,0,0,0,0,0.97901,0,0,0,0,0,0
10-Apr-14,7405,15/9-F-1 C,0,0,0,0,0,0.54576,0,0,0,0,0,0
11-Apr-14,7405,15/9-F-1 C,0,310.376,96.876,277.278,0,1.21599,33.098,10.48,33.072,0,0,0
12-Apr-14,7405,15/9-F-1 C,0,303.501,96.923,281.447,0,3.08702,22.053,8.704,22.053,0,0,0
13-Apr-14,7405,15/9-F-1 C,0,303.535,96.959,276.032,0,1.96237,27.503,9.423,16.163,0,0,0
14-Apr-14,7405,15/9-F-1 C,0,303.782,96.969,282.787,0,0,20.996,8.131,20.737,0,0,0
15-Apr-14,7405,15/9-F-1 C,0,303.858,97.021,289.941,0,31.14186,13.918,8.498,12.182,0,0,0
16-Apr-14,7405,15/9-F-1 C,0,303.792,97.066,299.672,0,0,4.12,8.821,1.49,0,0,0
17-Apr-14,7405,15/9-F-1 C,0,304.335,96.919,282.901,0,41.23599,21.434,8.854,18.795,0,0,0
18-Apr-14,7405,15/9-F-1 C,0,304.849,96.72,273.701,0,0,31.148,9.64,28.503,0,0,0
19-Apr-14,7405,15/9-F-1 C,0,305.371,96.616,259.62,0,0.43686,45.752,9.639,43.157,0,0,0
20-Apr-14,7405,15/9-F-1 C,0,313.871,96.56,282.814,0,0.45428,31.056,9.62,28.484,0,0,0
21-Apr-14,7405,15/9-F-1 C,11.5,301.376,102.676,204.795,0,20.98975,96.58,19.197,69.776,0,0,0
22-Apr-14,7405,15/9-F-1 C,24,289.421,106.353,182.059,0,43.34345,107.362,37.939,78.935,631,90439,0
23-Apr-14,7405,15/9-F-1 C,24,270.24,107.644,171.053,0,47.16752,99.187,60.757,70.627,1166,165720,0
24-Apr-14,7405,15/9-F-1 C,24,262.843,107.869,168.242,0,47.73231,94.601,63.047,66.049,1550,221707,0
25-Apr-14,7405,15/9-F-1 C,24,255.527,107.971,165.539,0,48.53377,89.988,64.547,61.405,1249,178064,0
26-Apr-14,7405,15/9-F-1 C,24,247.199,108.052,162.422,0,49.8445,84.777,65.724,56.148,1346,192602,0
27-Apr-14,7405,15/9-F-1 C,24,240.736,108.054,159.899,0,50.29698,80.837,66.934,52.202,1350,194496,0
28-Apr-14,7405,15/9-F-1 C,24,235.021,108.042,157.683,0,50.73588,77.338,67.848,48.708,1346,192900,0
29-Apr-14,7405,15/9-F-1 C,24,232.744,107.988,156.795,0,50.11392,75.949,65.707,47.376,1279,184900,0
30-Apr-14,7405,15/9-F-1 C,24,233.298,107.893,157.179,0,48.92679,76.118,62.796,47.611,1226,177108,0
01-May-14,7405,15/9-F-1 C,24,231.089,107.877,156.399,0,48.93863,74.69,62.377,46.196,1213,174609,0
02-May-14,7405,15/9-F-1 C,24,231.419,107.817,156.69,0,48.3037,74.729,60.747,46.15,1074,154871,0
03-May-14,7405,15/9-F-1 C,24,230.766,107.795,156.606,0,48.1735,74.16,60.628,45.733,1044,147930,0
04-May-14,7405,15/9-F-1 C,24,230.596,107.764,156.688,0,47.46609,73.908,58.279,45.491,970,139378,0
05-May-14,7405,15/9-F-1 C,24,229.424,107.78,156.429,0,47.84002,72.994,54.905,44.549,946,136980,0
06-May-14,7405,15/9-F-1 C,24,225.902,107.86,154.951,0,49.00558,70.952,58.883,42.45,1003,144950,0
07-May-14,7405,15/9-F-1 C,24,225.768,107.838,155.059,0,47.9204,70.71,57.426,42.049,925,135000,0
08-May-14,7405,15/9-F-1 C,24,225.687,107.821,155.142,0,47.29695,70.545,57.656,41.159,914,127565,0
09-May-14,7405,15/9-F-1 C,13.83,227.798,107.599,156.852,0,29.13359,70.946,55.955,41.745,177,24323,0
10-May-14,7405,15/9-F-1 C,24,226.061,107.684,155.165,0,48.13438,70.896,57.374,41.905,944,52163,0
11-May-14,7405,15/9-F-1 C,24,225.097,107.836,155.162,0,47.49389,69.935,58.024,41.483,823,117732,0
12-May-14,7405,15/9-F-1 C,24,226.023,107.772,155.797,0,46.93359,70.226,56.885,41.807,769,111238,0
13-May-14,7405,15/9-F-1 C,24,226.905,107.717,156.577,0,46.3352,70.328,54.255,41.926,741,107144,0
14-May-14,7405,15/9-F-1 C,24,225.576,107.741,156.204,0,45.16209,69.372,54.995,40.981,713,102881,0
15-May-14,7405,15/9-F-1 C,24,225.893,107.709,156.826,0,46.31644,69.067,48.598,40.651,744,106745,0
16-May-14,7405,15/9-F-1 C,24,225.701,107.71,157.108,0,46.34614,68.593,48.378,40.138,736,104864,0
17-May-14,7405,15/9-F-1 C,24,223.603,107.778,156.346,0,47.08721,67.256,53.921,38.84,783,110078,0
18-May-14,7405,15/9-F-1 C,24,220.102,107.889,154.695,0,47.76981,65.407,53.832,36.99,835,117388,0
19-May-14,7405,15/9-F-1 C,24,220.49,107.86,155.176,0,47.13595,65.314,55.754,36.906,789,109517,0
20-May-14,7405,15/9-F-1 C,24,220.154,107.859,155.238,0,47.14247,64.916,55.628,36.509,783,109362,0
21-May-14,7405,15/9-F-1 C,24,220.066,107.851,155.375,0,46.52459,64.691,52.236,36.281,744,104993,0
22-May-14,7405,15/9-F-1 C,24,219.983,107.852,155.547,0,46.289,64.436,53.661,36.019,735,107116,0
23-May-14,7405,15/9-F-1 C,24,219.863,107.867,155.572,0,46.28423,64.291,49.053,35.873,743,108079,93
24-May-14,7405,15/9-F-1 C,24,219.923,107.883,155.753,0,46.24216,64.17,54.691,35.751,747,108387,100
25-May-14,7405,15/9-F-1 C,24,219.977,107.903,155.904,0,46.26168,64.073,55.231,35.671,751,105810,101
26-May-14,7405,15/9-F-1 C,24,219.974,107.921,156.043,0,46.26511,63.93,55.103,35.529,727,106514,87
27-May-14,7405,15/9-F-1 C,24,219.98,107.936,156.243,0,46.22633,63.737,55.311,35.335,716,105800,91
28-May-14,7405,15/9-F-1 C,24,219.267,107.445,155.716,0,46.215,63.551,55.508,35.155,695,102250,77
29-May-14,7405,15/9-F-1 C,24,220.007,107.962,156.549,0,46.21506,63.458,56.171,35.052,699,102824,77
30-May-14,7405,15/9-F-1 C,24,220,107.974,156.665,0,46.23157,63.335,55.852,34.924,704,103978,78
31-May-14,7405,15/9-F-1 C,24,219.994,107.985,156.783,0,46.2074,63.21,55.596,34.793,716,105761,79
01-Jun-14,7405,15/9-F-1 C,24,220.006,107.994,156.864,0,46.26479,63.142,55.963,34.726,724,107036,80
02-Jun-14,7405,15/9-F-1 C,22,221.328,107.825,157.538,0,41.7134,63.79,50.774,35.352,460,68263,46
03-Jun-14,7405,15/9-F-1 C,24,220.24,107.965,157.868,0,46.19319,62.373,53.047,33.947,715,104866,81
04-Jun-14,7405,15/9-F-1 C,24,221.268,107.961,159.451,0,46.15731,61.817,53.736,33.387,707,104234,80
05-Jun-14,7405,15/9-F-1 C,24,221.045,107.973,158.758,0,47.04157,62.286,54.245,33.842,677,99517,91
06-Jun-14,7405,15/9-F-1 C,24,220.75,107.987,157.674,0,47.2027,63.076,56.534,34.646,690,99850,92
07-Jun-14,7405,15/9-F-1 C,24,220.64,107.994,157.278,0,47.19411,63.362,56.615,34.934,694,100306,92
08-Jun-14,7405,15/9-F-1 C,24,220.504,108.003,157.185,0,47.15202,63.319,52.051,34.892,691,99959,91
09-Jun-14,7405,15/9-F-1 C,19.5,221.451,107.757,159.113,0,38.97891,62.337,53.559,34.67,238,34916,28
10-Jun-14,7405,15/9-F-1 C,24,220.852,107.991,158.075,0,46.51253,62.777,54.486,34.352,647,95262,85
11-Jun-14,7405,15/9-F-1 C,24,218.415,108.065,156.685,0,47.81521,61.73,54.295,33.314,746,108793,94
12-Jun-14,7405,15/9-F-1 C,24,215.497,108.139,155.559,0,48.72777,59.938,61.561,31.529,805,116555,102
13-Jun-14,7405,15/9-F-1 C,24,214.823,108.135,154.685,0,48.26392,60.138,62.327,31.739,819,120308,57
14-Jun-14,7405,15/9-F-1 C,24,215.833,108.105,155.598,0,48.00591,60.235,59.584,31.836,781,115374,54
15-Jun-14,7405,15/9-F-1 C,24,214.877,108.114,154.958,0,48.04032,59.92,60.774,31.544,786,116058,55
16-Jun-14,7405,15/9-F-1 C,24,215.381,108.088,155.333,0,47.74037,60.048,59.445,31.671,757,111153,52
17-Jun-14,7405,15/9-F-1 C,24,216.119,108.067,155.978,0,47.62397,60.14,58.607,31.763,727,107051,51
18-Jun-14,7405,15/9-F-1 C,24,215.984,108.066,156.197,0,47.63986,59.787,58.662,31.4,724,106457,51
19-Jun-14,7405,15/9-F-1 C,24,215.818,108.066,156.378,0,47.60717,59.44,57.55,31.053,715,105828,53
20-Jun-14,7405,15/9-F-1 C,24,215.579,108.073,156.488,0,47.58517,59.091,58.446,30.704,711,104861,51
21-Jun-14,7405,15/9-F-1 C,24,215.304,108.079,156.599,0,47.6112,58.705,58.703,30.313,708,104156,50
22-Jun-14,7405,15/9-F-1 C,24,214.949,108.085,156.713,0,47.61982,58.236,58.418,29.846,703,102418,52
23-Jun-14,7405,15/9-F-1 C,24,214.858,108.087,157.394,0,47.65973,57.464,57.883,28.78,696,102285,52
24-Jun-14,7405,15/9-F-1 C,24,214.897,108.08,157.989,0,47.62792,56.908,57.35,28.519,658,96652,95
25-Jun-14,7405,15/9-F-1 C,24,214.822,108.084,157.947,0,46.56755,56.875,58.007,28.477,576,85082,79
26-Jun-14,7405,15/9-F-1 C,16.58,219.559,107.447,158.581,0,44,60.978,49.152,35.123,370,55420,51
27-Jun-14,7405,15/9-F-1 C,23.83,217.252,107.635,162.789,0,44.3751,54.462,50.511,26.032,418,63214,59
28-Jun-14,7405,15/9-F-1 C,24,215.093,108.078,160.766,0,47.05341,54.327,55.688,25.903,589,88193,92
29-Jun-14,7405,15/9-F-1 C,24,215.259,108.099,160.197,0,46.83166,55.062,55.97,26.646,572,85616,82
30-Jun-14,7405,15/9-F-1 C,24,215.351,108.108,160.212,0,45.82783,55.139,56.006,26.727,513,76979,71
01-Jul-14,7405,15/9-F-1 C,24,215.385,108.114,160.417,0,46.78696,54.967,56.254,26.555,563,84308,79
02-Jul-14,7405,15/9-F-1 C,24,215.407,108.119,160.599,0,46.79973,54.808,51.652,26.39,564,84365,79
03-Jul-14,7405,15/9-F-1 C,24,215.332,108.124,160.782,0,46.80369,54.551,50.821,26.132,565,84351,79
04-Jul-14,7405,15/9-F-1 C,24,215.211,108.129,161.101,0,46.84702,54.111,51.418,25.676,564,84183,80
05-Jul-14,7405,15/9-F-1 C,24,215.119,108.132,161.484,0,46.85599,53.635,54.232,25.201,563,83870,80
06-Jul-14,7405,15/9-F-1 C,24,215.067,108.134,161.973,0,46.86472,53.094,56.636,24.659,563,83854,80
07-Jul-14,7405,15/9-F-1 C,24,215.07,108.136,162.407,0,46.82457,52.663,54.966,24.234,522,77847,154
08-Jul-14,7405,15/9-F-1 C,24,215.047,108.139,163.023,0,46.80372,52.024,57.485,23.586,523,77885,247
09-Jul-14,7405,15/9-F-1 C,24,215.136,108.14,163.889,0,46.80708,51.247,56.123,22.798,522,77859,247
10-Jul-14,7405,15/9-F-1 C,24,215.165,108.143,164.233,0,46.79164,50.932,57.489,22.48,490,73241,213
11-Jul-14,7405,15/9-F-1 C,24,215.188,108.144,164.696,0,46.78773,50.492,56.119,22.038,492,72895,253
12-Jul-14,7405,15/9-F-1 C,24,215.464,108.142,165.927,0,46.85941,49.536,56.633,21.08,488,72637,204
13-Jul-14,7405,15/9-F-1 C,24,215.759,108.134,166.743,0,46.80047,49.016,57.204,20.54,482,71515,200
14-Jul-14,7405,15/9-F-1 C,24,215.977,108.121,167.412,0,47.00266,48.565,56.775,20.102,492,73096,215
15-Jul-14,7405,15/9-F-1 C,24,215.051,108.145,166.189,0,47.88536,48.862,56.395,20.38,476,70443,247
16-Jul-14,7405,15/9-F-1 C,24,214.827,108.15,166.342,0,47.76055,48.486,56.418,20.016,466,69327,244
17-Jul-14,7405,15/9-F-1 C,24,214.761,108.151,166.585,0,47.7135,48.176,55.027,19.707,464,68817,242
18-Jul-14,7405,15/9-F-1 C,24,214.923,108.148,167.474,0,47.69517,47.449,58.937,19.009,459,68361,241
19-Jul-14,7405,15/9-F-1 C,24,215.035,108.147,167.639,0,47.68624,47.396,58.307,18.922,458,68466,241
20-Jul-14,7405,15/9-F-1 C,22.42,216.045,108.021,168.827,0,43.93395,47.218,55.548,18.539,291,44919,139
21-Jul-14,7405,15/9-F-1 C,24,215.112,108.142,170.3,0,47.97656,44.812,56.696,16.288,487,72966,256
22-Jul-14,7405,15/9-F-1 C,24,215.062,108.176,168.716,0,47.70091,46.346,58.756,17.868,469,69274,242
23-Jul-14,7405,15/9-F-1 C,24,215.205,108.182,169.048,0,47.71833,46.157,58.985,17.681,465,69891,240
24-Jul-14,7405,15/9-F-1 C,24,215.378,108.182,169.281,0,47.63336,46.097,59.719,17.614,467,69743,232
25-Jul-14,7405,15/9-F-1 C,24,215.526,108.183,169.771,0,47.65598,45.756,59.467,17.269,464,69237,233
26-Jul-14,7405,15/9-F-1 C,24,215.614,108.183,170.112,0,47.60958,45.501,60.039,17.047,459,68831,252
27-Jul-14,7405,15/9-F-1 C,24,215.844,108.183,170.957,0,47.59103,44.887,58.891,16.437,461,68638,260
28-Jul-14,7405,15/9-F-1 C,24,216.087,108.183,171.445,0,47.60245,44.642,59.252,16.195,458,68331,245
29-Jul-14,7405,15/9-F-1 C,24,215.966,108.191,171.367,0,48.1316,44.598,56.664,16.151,482,71885,259
30-Jul-14,7405,15/9-F-1 C,24,214.626,108.233,169.636,0,48.71677,44.99,57.165,16.522,489,72278,243
31-Jul-14,7405,15/9-F-1 C,24,215.092,108.22,171.845,0,48.71789,43.247,58.959,14.725,376,56055,218
01-Aug-14,7405,15/9-F-1 C,24,215.027,108.221,171.356,0,48.72132,43.671,59.044,15.15,378,56399,218
02-Aug-14,7405,15/9-F-1 C,24,215.155,108.217,172.016,0,48.70453,43.139,58.063,14.605,379,56290,218
03-Aug-14,7405,15/9-F-1 C,24,215.13,108.217,171.879,0,48.69856,43.251,57.608,14.744,377,56569,213
04-Aug-14,7405,15/9-F-1 C,24,212.895,108.262,168.859,0,49.53814,44.036,56.583,15.518,418,61912,228
05-Aug-14,7405,15/9-F-1 C,24,210.167,108.325,166.758,0,49.63278,43.409,63.583,14.913,508,75078,262
06-Aug-14,7405,15/9-F-1 C,24,209.823,108.321,167.206,0,49.59429,42.617,62.685,14.108,470,69713,253
07-Aug-14,7405,15/9-F-1 C,24,210.094,108.307,169.043,0,50.19488,41.051,60.702,12.535,521,77391,294
08-Aug-14,7405,15/9-F-1 C,24,210.184,108.297,169.819,0,50.21089,40.365,62.56,11.838,518,76995,297
09-Aug-14,7405,15/9-F-1 C,24,210.545,108.283,170.397,0,49.9463,40.148,58.14,11.606,493,73657,290
10-Aug-14,7405,15/9-F-1 C,24,210.631,108.281,170.858,0,50.23923,39.773,56.231,11.219,509,76002,303
11-Aug-14,7405,15/9-F-1 C,24,213.448,108.171,176.098,0,49.43711,37.35,50.724,8.751,352,52975,241
12-Aug-14,7405,15/9-F-1 C,24,215.506,108.138,178.412,0,48.82824,37.094,44.267,8.482,287,44830,240
13-Aug-14,7405,15/9-F-1 C,24,215.895,108.159,178.003,0,48.57821,37.892,50.89,9.291,279,44300,235
14-Aug-14,7405,15/9-F-1 C,24,215.855,108.189,177.023,0,48.49824,38.832,56.831,10.254,297,47071,249
15-Aug-14,7405,15/9-F-1 C,24,215.777,108.204,176.233,0,48.4718,39.543,57.329,10.978,297,46462,248
16-Aug-14,7405,15/9-F-1 C,24,216.002,108.202,176.635,0,48.47927,39.366,52.846,10.796,296,44219,247
17-Aug-14,7405,15/9-F-1 C,24,216.016,108.211,176.177,0,48.47286,39.839,53.758,11.259,296,44243,247
18-Aug-14,7405,15/9-F-1 C,24,216.082,108.215,176.08,0,48.44686,40.001,57.064,11.427,293,44083,247
19-Aug-14,7405,15/9-F-1 C,0.99,217.065,108.215,176.476,0,15.61403,40.589,56.849,12.717,0,0,0
20-Aug-14,7405,15/9-F-1 C,0,242.944,103.647,242.378,0,0.51505,0.566,15.363,0.566,0,0,0
21-Aug-14,7405,15/9-F-1 C,0,234.107,104.129,233.521,0,0.53602,0.586,19.296,0.586,0,0,0
22-Aug-14,7405,15/9-F-1 C,0,234.107,104.129,233.521,0,0.53602,0.586,19.296,0.586,0,0,0
23-Aug-14,7405,15/9-F-1 C,0,234.107,104.129,233.521,0,0.53602,0.586,19.296,0.586,0,0,0
24-Aug-14,7405,15/9-F-1 C,0,234.107,104.129,233.521,0,0.53602,0.586,19.296,0.586,0,0,0
25-Aug-14,7405,15/9-F-1 C,0,266.286,101.806,205.786,0,0.50519,60.499,21.192,60.499,0,0,0
26-Aug-14,7405,15/9-F-1 C,0,268.533,101.253,188.69,0,0.52745,79.843,18.682,79.843,0,0,0
27-Aug-14,7405,15/9-F-1 C,0,271.096,101.206,190.031,0,0.51857,81.065,18.273,81.065,0,0,0
28-Aug-14,7405,15/9-F-1 C,0,266.151,98.061,184.237,0,0.50971,81.914,17.432,81.914,0,0,0
29-Aug-14,7405,15/9-F-1 C,0,276.538,101.183,195.214,0,0.49239,81.324,15.927,81.324,0,0,0
30-Aug-14,7405,15/9-F-1 C,0,279.004,101.128,196.735,0,0.47928,82.269,15.532,82.269,0,0,0
31-Aug-14,7405,15/9-F-1 C,0,281.008,101.032,207.12,0,0.49207,73.889,16.726,73.889,0,0,0
01-Sep-14,7405,15/9-F-1 C,0,282.916,100.949,232.018,0,0.50623,50.898,15.534,50.894,0,0,0
02-Sep-14,7405,15/9-F-1 C,3.88,284.441,100.737,243.636,0,3.73434,40.805,20.768,35.651,0,0,0
03-Sep-14,7405,15/9-F-1 C,19.17,248.024,106.953,205.834,0,40.66991,42.19,46.49,13.352,104,16926,74
04-Sep-14,7405,15/9-F-1 C,24,237.287,107.37,208.8,0,61.08916,28.487,53.783,2.371,290,46376,537
05-Sep-14,7405,15/9-F-1 C,24,223.51,108.49,184.59,0,53.05112,38.92,66.292,10.308,428,69487,344
06-Sep-14,7405,15/9-F-1 C,24,225.251,108.443,181.588,0,49.88744,43.664,64.888,15.084,423,68818,342
07-Sep-14,7405,15/9-F-1 C,24,225.938,108.428,181.002,0,49.63413,44.937,60.686,16.368,412,67226,337
08-Sep-14,7405,15/9-F-1 C,24,224.929,108.435,179.58,0,49.46683,45.349,62.91,16.791,411,66847,337
09-Sep-14,7405,15/9-F-1 C,24,224.676,108.408,179.137,0,49.47164,45.539,61.993,16.993,409,66355,334
10-Sep-14,7405,15/9-F-1 C,24,224.654,108.388,179.216,0,48.69733,45.438,62.495,16.898,390,63293,315
11-Sep-14,7405,15/9-F-1 C,24,225.961,108.339,180.898,0,48.65349,45.063,57.543,16.516,380,60995,327
12-Sep-14,7405,15/9-F-1 C,24,225.609,108.329,180.727,0,48.61656,44.882,56.713,16.342,391,57082,325
13-Sep-14,7405,15/9-F-1 C,24,225.3,108.32,180.798,0,48.64684,44.502,58.731,15.959,392,57123,329
14-Sep-14,7405,15/9-F-1 C,24,225.149,108.315,181.192,0,48.62198,43.957,60.817,15.414,384,56615,323
15-Sep-14,7405,15/9-F-1 C,24,224.943,108.308,181.296,0,48.62278,43.647,59.245,15.093,342,50991,291
16-Sep-14,7405,15/9-F-1 C,24,224.805,108.301,181.513,0,48.62732,43.292,58.169,14.624,339,50947,291
17-Sep-14,7405,15/9-F-1 C,24,224.625,108.298,181.714,0,48.64232,42.911,58.464,14.323,345,51928,297
18-Sep-14,7405,15/9-F-1 C,24,224.549,108.29,181.972,0,48.6447,42.577,58.858,14.006,334,49758,305
19-Sep-14,7405,15/9-F-1 C,24,224.559,108.282,182.302,0,48.6,42.257,59.273,13.685,330,49602,302
20-Sep-14,7405,15/9-F-1 C,24,221.863,108.331,179.487,0,49.14886,42.376,60.525,13.812,358,53618,320
21-Sep-14,7405,15/9-F-1 C,24,219.555,108.391,177.669,0,49.4,41.886,61.651,13.337,378,56787,333
22-Sep-14,7405,15/9-F-1 C,24,219.888,108.362,178.452,0,49.3,41.436,61.077,12.88,357,53587,332
23-Sep-14,7405,15/9-F-1 C,24,219.715,108.354,178.643,0,49.18709,41.072,58.684,12.505,354,53316,328
24-Sep-14,7405,15/9-F-1 C,24,219.833,108.346,179.376,0,49.1631,40.457,58.965,11.879,339,51385,318
25-Sep-14,7405,15/9-F-1 C,24,220.009,108.335,179.998,0,49.1295,40.011,55.705,11.421,325,49352,324
26-Sep-14,7405,15/9-F-1 C,24,219.967,108.331,180.194,0,49.13849,39.773,54.606,11.186,325,49388,322
27-Sep-14,7405,15/9-F-1 C,24,219.897,108.327,180.229,0,49.13247,39.668,53.283,11.088,322,49246,323
28-Sep-14,7405,15/9-F-1 C,23.09,220.042,108.321,180.668,0,49.014,39.374,53.805,10.846,308,47051,308
29-Sep-14,7405,15/9-F-1 C,0,243.074,105.065,238.816,0,6.59247,4.257,28.166,0.276,0,0,0
30-Sep-14,7405,15/9-F-1 C,8.17,241.919,105.526,199.357,0,14.40704,42.562,27.725,22.4,0,0,0
01-Oct-14,7405,15/9-F-1 C,24,226.032,107.481,217.957,0,53.67235,8.076,52.413,2.637,55,8962,142
02-Oct-14,7405,15/9-F-1 C,24,211.873,108.502,180.979,0,58.42784,30.894,58.723,4.508,199,31731,308
03-Oct-14,7405,15/9-F-1 C,24,221.135,108.404,186.136,0,51.8747,34.999,51.461,5.625,275,43001,455
04-Oct-14,7405,15/9-F-1 C,24,219.88,108.432,183.169,0,50.89766,36.712,57.579,8.099,288,44101,460
05-Oct-14,7405,15/9-F-1 C,24,219.474,108.438,181.851,0,50.54632,37.624,57.28,8.98,323,49501,353
06-Oct-14,7405,15/9-F-1 C,24,220.902,108.399,183.041,0,50.20832,37.86,57.765,9.254,315,48233,344
07-Oct-14,7405,15/9-F-1 C,24,220.653,108.402,182.437,0,50.43002,38.216,55.118,9.605,322,48181,335
08-Oct-14,7405,15/9-F-1 C,24,220.669,108.396,182.385,0,50.49318,38.284,53.302,9.667,320,49975,345
09-Oct-14,7405,15/9-F-1 C,24,220.467,108.396,182.139,0,50.45315,38.329,53.2,9.703,326,50479,344
10-Oct-14,7405,15/9-F-1 C,24,220.178,108.394,181.798,0,50.4097,38.379,53.766,9.77,329,50894,327
11-Oct-14,7405,15/9-F-1 C,24,220.156,108.388,181.931,0,50.3959,38.225,52.715,9.625,325,50158,326
12-Oct-14,7405,15/9-F-1 C,24,220.145,108.382,182.067,0,50.37768,38.079,56.232,9.479,323,49865,326
13-Oct-14,7405,15/9-F-1 C,24,220.325,108.373,182.512,0,50.36087,37.813,60.762,9.215,321,49604,336
14-Oct-14,7405,15/9-F-1 C,24,220.439,108.367,182.79,0,50.36302,37.649,60.45,9.05,320,49572,338
15-Oct-14,7405,15/9-F-1 C,24,220.219,108.368,182.553,0,50.46712,37.666,60.618,9.064,323,49750,336
16-Oct-14,7405,15/9-F-1 C,24,220.012,108.371,182.428,0,50.56329,37.584,59.252,8.979,322,49653,332
17-Oct-14,7405,15/9-F-1 C,24,220.213,108.363,182.852,0,50.55873,37.361,59.519,8.755,321,49635,331
18-Oct-14,7405,15/9-F-1 C,24,220.225,108.36,182.91,0,50.47798,37.316,54.294,8.701,321,49749,329
19-Oct-14,7405,15/9-F-1 C,24,220.223,108.358,183.09,0,50.51979,37.133,50.17,8.508,323,50071,329
20-Oct-14,7405,15/9-F-1 C,24,220.721,108.347,184.363,0,50.8639,36.358,56.087,7.729,327,50700,335
21-Oct-14,7405,15/9-F-1 C,24,220.412,108.351,183.592,0,50.91154,36.82,55.688,8.183,316,48562,330
22-Oct-14,7405,15/9-F-1 C,24,220.624,108.345,183.944,0,50.84929,36.679,55.688,8.059,314,48495,335
23-Oct-14,7405,15/9-F-1 C,24,220.618,108.344,183.888,0,50.81898,36.73,49.988,8.11,314,48623,330
24-Oct-14,7405,15/9-F-1 C,24,220.745,108.341,184.094,0,50.77311,36.65,50.37,8.027,314,48609,332
25-Oct-14,7405,15/9-F-1 C,24,220.862,108.338,184.273,0,50.78376,36.589,48.384,7.959,317,49209,334
26-Oct-14,7405,15/9-F-1 C,25,220.958,108.336,184.404,0,50.8004,36.554,47.288,7.918,333,51385,336
27-Oct-14,7405,15/9-F-1 C,24,219.964,108.36,182.967,0,50.7788,36.997,53.303,8.444,318,49191,333
28-Oct-14,7405,15/9-F-1 C,24,219.961,108.364,183.295,0,50.49807,36.666,53.394,8.209,315,48599,325
29-Oct-14,7405,15/9-F-1 C,24,220.718,108.345,184.641,0,50.49862,36.077,59.315,7.609,304,46729,320
30-Oct-14,7405,15/9-F-1 C,24,221.12,108.333,185.252,0,51.03952,35.868,57.796,7.245,318,48777,331
31-Oct-14,7405,15/9-F-1 C,24,219.495,108.372,182.653,0,51.30979,36.842,58.456,8.234,323,50070,330
01-Nov-14,7405,15/9-F-1 C,24,219.785,108.362,183.329,0,50.91824,36.455,51.984,7.833,317,49048,324
02-Nov-14,7405,15/9-F-1 C,24,220.066,108.353,183.84,0,50.90594,36.225,50.972,7.588,321,49772,330
03-Nov-14,7405,15/9-F-1 C,24,220.343,108.345,184.315,0,50.93085,36.028,54.662,7.38,295,45686,328
04-Nov-14,7405,15/9-F-1 C,24,220.487,108.341,184.594,0,50.89229,35.892,58.738,7.242,291,45094,305
05-Nov-14,7405,15/9-F-1 C,24,221.788,108.303,186.691,0,51.13204,35.096,58.079,6.446,288,44832,307
06-Nov-14,7405,15/9-F-1 C,24,221.686,108.294,186.544,0,51.63975,35.142,54.915,6.485,292,45410,310
07-Nov-14,7405,15/9-F-1 C,24,220.011,108.358,183.528,0,50.84322,36.483,56.356,7.916,293,45241,303
08-Nov-14,7405,15/9-F-1 C,24,219.993,108.357,183.717,0,50.80817,36.276,53.551,7.821,292,45657,322
09-Nov-14,7405,15/9-F-1 C,24,220.479,108.343,184.67,0,50.80079,35.81,53.341,7.39,290,45639,326
10-Nov-14,7405,15/9-F-1 C,24,222.466,108.289,188.077,0,51.7,34.39,54.089,5.838,283,46088,324
11-Nov-14,7405,15/9-F-1 C,24,219.979,108.352,183.488,0,51.69625,36.491,60.338,8.044,295,46629,332
12-Nov-14,7405,15/9-F-1 C,24,219.184,108.379,182.74,0,51.63631,36.444,59.227,7.997,295,46218,318
13-Nov-14,7405,15/9-F-1 C,24,220.275,108.35,184.883,0,51.60535,35.392,58.757,6.955,291,45666,312
14-Nov-14,7405,15/9-F-1 C,24,220.879,108.328,185.65,0,51.5844,35.229,58.249,6.792,290,45494,312
15-Nov-14,7405,15/9-F-1 C,24,220.069,108.353,184.409,0,51.59682,35.66,57.996,7.22,293,45840,311
16-Nov-14,7405,15/9-F-1 C,24,221.136,108.32,186.351,0,52.04163,34.785,56.501,6.347,293,45756,319
17-Nov-14,7405,15/9-F-1 C,24,222.146,108.28,188.302,0,52.62032,33.844,56.004,5.412,293,45039,330
18-Nov-14,7405,15/9-F-1 C,24,220.412,108.351,184.329,0,50.94922,36.082,59.361,7.655,289,44152,313
19-Nov-14,7405,15/9-F-1 C,24,221.504,108.309,186.181,0,50.93181,35.323,58.972,6.896,282,43107,306
20-Nov-14,7405,15/9-F-1 C,24,220,108.343,183.561,0,50.94328,36.438,60.767,8.017,285,43755,303
21-Nov-14,7405,15/9-F-1 C,24,220.101,108.332,184.113,0,50.92782,35.988,59.959,7.572,284,43676,301
22-Nov-14,7405,15/9-F-1 C,24,219.919,108.327,183.985,0,50.92714,35.934,57.612,7.507,283,43477,300
23-Nov-14,7405,15/9-F-1 C,24,221.057,108.185,186.408,0,50.84676,34.649,56.576,6.222,273,42663,299
24-Nov-14,7405,15/9-F-1 C,15.78,229.95,107.679,201.569,0,26.5295,28.38,45.77,9.3,0,0,0
25-Nov-14,7405,15/9-F-1 C,0,244.406,104.076,195.3,0,0,49.105,13.758,48.356,0,0,0
26-Nov-14,7405,15/9-F-1 C,0,246.393,102.491,177.736,0,0.26037,68.657,11.027,68.107,0,0,0
27-Nov-14,7405,15/9-F-1 C,0,252.373,102.35,245.195,0,7.32565,7.178,9.218,6.763,0,0,0
28-Nov-14,7405,15/9-F-1 C,0,264.578,102.348,218.7,0,0.04934,45.878,9.076,45.828,0,0,0
29-Nov-14,7405,15/9-F-1 C,0,268.789,102.093,187.634,0,0.04686,81.154,7.862,81.105,0,0,0
30-Nov-14,7405,15/9-F-1 C,12,247.358,105.829,208.736,0,35.11649,38.622,34.168,32.537,1,251,1
01-Dec-14,7405,15/9-F-1 C,13.5,255.41,105.648,248.866,0,56.64421,6.545,20.873,2.258,120,25857,183
02-Dec-14,7405,15/9-F-1 C,0,261.053,102.63,223.608,0,0.27908,37.445,8.786,34.711,0,0,0
03-Dec-14,7405,15/9-F-1 C,0,262.684,101.829,212.273,0,0.25867,50.411,9.589,47.76,0,0,0
04-Dec-14,7405,15/9-F-1 C,0,264.249,102.946,200.719,0,9.27,63.531,17.124,56.035,0,0,0
05-Dec-14,7405,15/9-F-1 C,14,257.446,107.889,183.661,0,27.03221,73.785,58.496,44.432,0,0,0
06-Dec-14,7405,15/9-F-1 C,0,269.998,103.164,262.232,0,0.02195,7.766,11.209,1.955,0,0,0
07-Dec-14,7405,15/9-F-1 C,0,275.952,102.406,275.88,0,0.02231,0.072,8.849,5.506,0,0,0
08-Dec-14,7405,15/9-F-1 C,0,278.687,102.05,278.528,0,0.0245,0.159,8.047,9.79,0,0,0
09-Dec-14,7405,15/9-F-1 C,0,281.008,101.824,280.746,0,0.0122,0.262,7.788,17.717,0,0,0
10-Dec-14,7405,15/9-F-1 C,0,283.097,101.656,282.636,0,0.00667,0.461,7.021,17.383,0,0,0
11-Dec-14,7405,15/9-F-1 C,0,285.061,101.521,284.542,0,0.01673,0.519,5.452,17.151,0,0,0
12-Dec-14,7405,15/9-F-1 C,0,286.896,101.409,286.325,0,0.01967,0.57,5.858,17.036,0,0,0
13-Dec-14,7405,15/9-F-1 C,0,288.623,101.31,288.012,0,0.0301,0.611,6.844,16.893,0,0,0
14-Dec-14,7405,15/9-F-1 C,0,290.254,101.223,289.529,0,0.02155,0.725,8.212,16.892,0,0,0
15-Dec-14,7405,15/9-F-1 C,0,291.848,101.145,291.168,0,0.04302,0.68,6.965,16.942,0,0,0
16-Dec-14,7405,15/9-F-1 C,0,293.312,101.073,292.648,0,0,0.664,6.835,17.051,0,0,0
17-Dec-14,7405,15/9-F-1 C,0,294.709,101.008,294.021,0,0,0.688,7.839,17.288,0,0,0
18-Dec-14,7405,15/9-F-1 C,0,296.067,100.947,295.348,0,0,0.719,8.897,17.196,0,0,0
19-Dec-14,7405,15/9-F-1 C,0,297.338,100.89,296.601,0,0,0.736,6.99,16.956,0,0,0
20-Dec-14,7405,15/9-F-1 C,0,298.522,100.836,297.803,0,0,0.719,7.236,16.896,0,0,0
21-Dec-14,7405,15/9-F-1 C,0,299.668,100.787,298.92,0,0.00378,0.748,8.5,17.013,0,0,0
22-Dec-14,7405,15/9-F-1 C,0,300.789,100.74,300.048,0,0.00066,0.741,9.145,17.085,0,0,0
23-Dec-14,7405,15/9-F-1 C,0,301.897,100.694,301.158,0,0.0002,0.739,8.33,16.993,0,0,0
24-Dec-14,7405,15/9-F-1 C,0,302.909,100.652,302.169,0,0.00021,0.741,7.569,16.951,0,0,0
25-Dec-14,7405,15/9-F-1 C,0,303.889,100.611,303.156,0,0,0.733,7.848,16.902,0,0,0
26-Dec-14,7405,15/9-F-1 C,0,304.878,100.573,304.142,0,0.00097,0.736,6.953,16.934,0,0,0
27-Dec-14,7405,15/9-F-1 C,0,305.813,100.535,305.081,0,0.026,0.733,6.305,16.834,0,0,0
28-Dec-14,7405,15/9-F-1 C,0,306.697,100.498,305.976,0,0.01608,0.722,6.996,16.881,0,0,0
29-Dec-14,7405,15/9-F-1 C,0,307.493,100.464,293.583,0,0,13.91,8.032,3.864,0,0,0
30-Dec-14,7405,15/9-F-1 C,0,308.202,100.435,175.767,0,0,132.435,8.121,114.566,0,0,0
31-Dec-14,7405,15/9-F-1 C,0,309.332,100.401,175.74,0,0,133.593,8.929,115.639,0,0,0
01-Jan-15,7405,15/9-F-1 C,9.5,298.436,105.301,192.409,0,44,106.027,21.337,77.947,94,16782,65
02-Jan-15,7405,15/9-F-1 C,24,292.15,107.43,191.886,0,45.95212,100.264,45.621,71.457,791,118909,300
03-Jan-15,7405,15/9-F-1 C,24,279.989,107.896,184.55,0,47.79895,95.439,60.845,66.337,917,148644,345
04-Jan-15,7405,15/9-F-1 C,24,271.298,107.912,184.71,0,47.7101,86.589,57.436,57.671,789,115570,401
05-Jan-15,7405,15/9-F-1 C,24,265.07,107.94,183.376,0,47.86731,81.694,56.254,52.702,790,115433,406
06-Jan-15,7405,15/9-F-1 C,24,258.827,107.946,182.744,0,47.9725,76.084,59.488,47.361,784,113935,412
07-Jan-15,7405,15/9-F-1 C,24,254.714,107.882,183.962,0,47.37565,70.751,53.002,42.013,574,84034,461
08-Jan-15,7405,15/9-F-1 C,24,251.043,107.878,182.461,0,48.11145,68.583,54.208,39.637,626,90849,513
09-Jan-15,7405,15/9-F-1 C,17.67,247.724,107.561,188.739,0,36.35494,58.985,48.257,31.619,356,51609,283
10-Jan-15,7405,15/9-F-1 C,20.67,244.412,107.638,179.178,0,40.78885,65.234,54.088,38.019,423,61324,312
11-Jan-15,7405,15/9-F-1 C,24,243.65,107.788,183.947,0,47.86851,59.703,54.042,30.228,487,70281,367
12-Jan-15,7405,15/9-F-1 C,24,239.913,107.881,177.744,0,49.04302,62.17,53.399,32.878,597,86569,419
13-Jan-15,7405,15/9-F-1 C,24,234.206,107.908,174.696,0,50.15571,59.51,56.32,30.121,610,88850,426
14-Jan-15,7405,15/9-F-1 C,24,230.074,107.536,188.148,0,55.80191,41.925,43.698,17.784,581,85171,438
15-Jan-15,7405,15/9-F-1 C,24,230.811,107.82,184.952,0,50.53954,45.859,53.748,23.546,461,66952,330
16-Jan-15,7405,15/9-F-1 C,24,229.089,107.822,178.166,0,48.98548,50.923,52.478,21.419,453,64394,307
17-Jan-15,7405,15/9-F-1 C,24,228.883,107.817,178.496,0,48.97446,50.387,52.669,20.969,419,61534,293
18-Jan-15,7405,15/9-F-1 C,24,228.883,107.817,178.496,0,48.97446,50.387,52.669,20.969,442,64668,293
19-Jan-15,7405,15/9-F-1 C,24,228.883,107.817,178.496,0,48.97446,50.387,52.669,20.969,447,65213,296
20-Jan-15,7405,15/9-F-1 C,18.67,224.075,107.209,173.063,0,29.40022,51.012,52.243,20.406,226,33091,180
21-Jan-15,7405,15/9-F-1 C,1,226.79,106.085,208.584,0,18.76533,18.206,18.183,0.412,8,1122,6
22-Jan-15,7405,15/9-F-1 C,0,234.755,103.117,202.911,0,0,31.844,7.104,7.864,0,0,0
23-Jan-15,7405,15/9-F-1 C,0,239.532,102.257,193.241,0,0,46.292,6.888,19.302,0,0,0
24-Jan-15,7405,15/9-F-1 C,0,243.039,101.578,177.818,0,0,65.221,8.406,37.388,0,0,0
25-Jan-15,7405,15/9-F-1 C,0,249.684,101.358,165.8,0,0,83.884,8.517,55.539,0,0,0
26-Jan-15,7405,15/9-F-1 C,0,261.648,101.595,168.766,0,0,92.883,9.897,64.123,0,0,0
27-Jan-15,7405,15/9-F-1 C,0,265.823,101.495,170.763,0,0,95.06,9.717,66.108,0,0,0
28-Jan-15,7405,15/9-F-1 C,0,268.731,101.377,172.067,0,0,96.664,7.701,67.625,0,0,0
29-Jan-15,7405,15/9-F-1 C,13.69,258.506,103.736,226.872,0,31.08472,31.634,12.263,3.263,0,0,0
30-Jan-15,7405,15/9-F-1 C,14.73,260.211,101.82,231.454,0,33.57207,28.757,6.011,0.482,0,0,0
31-Jan-15,7405,15/9-F-1 C,0,263.146,100.63,207.142,0,0,56.004,9.384,27.689,0,0,0
01-Feb-15,7405,15/9-F-1 C,0,265.351,100.465,193.004,0,0,72.347,7.891,43.975,0,0,0
02-Feb-15,7405,15/9-F-1 C,0,267.762,100.43,183.958,0,0,83.804,7.705,55.558,0,0,0
03-Feb-15,7405,15/9-F-1 C,0,276.378,100.719,183.552,0,0,92.826,8.519,64.589,0,0,0
04-Feb-15,7405,15/9-F-1 C,0,282.14,100.736,217.459,0,15.7353,64.681,7.72,45.355,0,0,0
05-Feb-15,7405,15/9-F-1 C,0,285.124,100.7,284.989,0,16.22866,0.134,6.162,6.962,0,0,0
06-Feb-15,7405,15/9-F-1 C,0,286.917,100.659,286.776,0,0,0.141,8.758,21.22,0,0,0
07-Feb-15,7405,15/9-F-1 C,0,288.278,100.615,288.11,0,0,0.169,10.43,17.937,0,0,0
08-Feb-15,7405,15/9-F-1 C,0,289.512,100.573,289.296,0,0,0.216,9.448,12.696,0,0,0
09-Feb-15,7405,15/9-F-1 C,10.48,273.925,107.035,222.662,0,21.28229,51.263,42.989,23.065,125,20461,471
10-Feb-15,7405,15/9-F-1 C,24,266.945,107.795,205.706,0,48.89648,61.239,62.482,32.592,402,61862,664
11-Feb-15,7405,15/9-F-1 C,24,259.991,107.911,199.304,0,48.95931,60.687,56.308,32.162,474,72530,557
12-Feb-15,7405,15/9-F-1 C,24,254.664,107.941,196.072,0,48.94512,58.591,58.908,30.123,466,71095,550
13-Feb-15,7405,15/9-F-1 C,24,248.494,107.055,192.85,0,48.40793,55.644,58.42,27.307,423,64497,535
14-Feb-15,7405,15/9-F-1 C,24,247.161,107.928,193.389,0,49.02483,53.772,62.621,25.173,421,64062,544
15-Feb-15,7405,15/9-F-1 C,24,242.392,106.969,191.192,0,48.04527,51.201,58.068,22.877,419,63550,539
16-Feb-15,7405,15/9-F-1 C,24,242.438,107.906,192.422,0,49.02818,50.016,56.411,21.455,420,63731,468
17-Feb-15,7405,15/9-F-1 C,24,240.784,107.897,192.219,0,46.80373,48.565,53.986,19.97,410,62915,474
18-Feb-15,7405,15/9-F-1 C,24,237.658,107.979,188.092,0,50.76397,49.566,54.728,20.958,520,77679,551
19-Feb-15,7405,15/9-F-1 C,24,230.46,108.072,180.775,0,52.93472,49.685,62.201,21.087,653,97101,619
20-Feb-15,7405,15/9-F-1 C,24,226.449,108.035,179.563,0,53.10688,46.885,64.837,18.078,638,95396,702
21-Feb-15,7405,15/9-F-1 C,24,223.744,108.019,179.723,0,53.24234,44.022,68.061,15.424,625,93262,672
22-Feb-15,7405,15/9-F-1 C,24,222.108,108.01,180.588,0,53.32469,41.519,63.3,12.915,476,70962,545
23-Feb-15,7405,15/9-F-1 C,24,221.137,107.998,181.788,0,53.27325,39.35,56.296,10.717,410,61684,479
24-Feb-15,7405,15/9-F-1 C,24,219.292,108.041,179.897,0,55.83619,39.396,63.127,10.438,626,92975,556
25-Feb-15,7405,15/9-F-1 C,24,211.716,108.177,170.841,0,60.36797,40.875,74.279,12.052,941,137836,771
26-Feb-15,7405,15/9-F-1 C,24,208.736,108.164,171.626,0,60.36062,37.11,68.831,8.465,738,108413,623
27-Feb-15,7405,15/9-F-1 C,18.94,208.16,108.104,174.593,0,47.62035,33.568,61.428,4.964,400,59444,424
28-Feb-15,7405,15/9-F-1 C,0,214.945,104.493,159.586,0,0,55.36,7.753,28.936,0,0,0
01-Mar-15,7405,15/9-F-1 C,0,220.501,103.265,158.603,0,0,61.898,7.561,34.533,0,0,0
02-Mar-15,7405,15/9-F-1 C,0,225.388,102.678,158.707,0,0,66.68,8.615,38.71,0,0,0
03-Mar-15,7405,15/9-F-1 C,0,230.093,102.319,160.069,0,0,70.024,7.035,41.462,0,0,0
04-Mar-15,7405,15/9-F-1 C,0,225.526,97.88,154.946,0,0,70.58,7.617,42.531,0,0,0
05-Mar-15,7405,15/9-F-1 C,0,239.261,101.761,162.051,0,0,77.21,8.452,47.479,0,0,0
06-Mar-15,7405,15/9-F-1 C,0,243.178,101.472,164.537,0,0.89994,78.641,8.413,49.404,0,0,0
07-Mar-15,7405,15/9-F-1 C,0,247.131,101.206,219.898,0,0.10256,27.233,10.304,21.405,0,0,0
08-Mar-15,7405,15/9-F-1 C,0,254.258,100.795,178.609,0,0,75.649,12.177,67.46,0,0,0
09-Mar-15,7405,15/9-F-1 C,0,264.922,101.115,177.238,0,0,87.684,8.303,76.193,0,0,0
10-Mar-15,7405,15/9-F-1 C,0,269.466,101.092,178.508,0,0,90.958,9.554,79.521,0,0,0
11-Mar-15,7405,15/9-F-1 C,0,272.238,101.035,179.278,0,0,92.96,8.79,81.511,0,0,0
12-Mar-15,7405,15/9-F-1 C,0,275.019,100.972,180.061,0,0,94.958,8.511,83.472,0,0,0
13-Mar-15,7405,15/9-F-1 C,0,277.665,100.909,180.78,0,0,96.885,7.726,85.393,0,0,0
14-Mar-15,7405,15/9-F-1 C,0,280.231,100.847,181.448,0,0,98.783,8.075,87.309,0,0,0
15-Mar-15,7405,15/9-F-1 C,0,282.771,100.79,182.077,0,0,100.694,8.817,89.174,0,0,0
16-Mar-15,7405,15/9-F-1 C,0,284.848,100.734,182.593,0,0,102.255,8.817,83.465,0,0,0
17-Mar-15,7405,15/9-F-1 C,0,286.797,100.683,183.057,0,0,103.74,9.184,79.284,0,0,0
18-Mar-15,7405,15/9-F-1 C,8.21,269.115,106.697,231.804,0,19.21894,37.312,47.54,18.623,92,13339,412
19-Mar-15,7405,15/9-F-1 C,24,260.264,107.953,222.062,0,51.613,38.202,68.475,21.497,216,31636,1040
20-Mar-15,7405,15/9-F-1 C,24,252.946,108.14,211.758,0,51.83248,41.188,70.304,24.524,223,32484,1131
21-Mar-15,7405,15/9-F-1 C,24,246.419,108.176,203.144,0,51.95842,43.275,72.432,24.557,226,32819,1066
22-Mar-15,7405,15/9-F-1 C,24,241.947,108.157,198.658,0,53.5453,43.289,59.768,14.724,385,58379,759
23-Mar-15,7405,15/9-F-1 C,24,238.198,108.14,196.347,0,53.51642,41.852,65.737,13.361,343,53457,698
24-Mar-15,7405,15/9-F-1 C,24,235.289,108.118,194.722,0,53.53941,40.568,68.67,12.083,356,54801,798
25-Mar-15,7405,15/9-F-1 C,24,232.311,108.131,192.601,0,54.71945,39.71,69.842,11.072,448,67646,898
26-Mar-15,7405,15/9-F-1 C,24,223.935,108.245,184.038,0,60.03832,39.897,75.168,8.737,609,89539,873
27-Mar-15,7405,15/9-F-1 C,24,220.575,108.192,182.846,0,59.87418,37.728,71.974,6.665,619,89062,855
28-Mar-15,7405,15/9-F-1 C,24,217.491,108.185,181.027,0,59.89556,36.464,68.136,6.993,565,75663,782
29-Mar-15,7405,15/9-F-1 C,24,214.867,108.176,179.833,0,57.2328,35.034,72.433,6.426,551,79170,757
30-Mar-15,7405,15/9-F-1 C,24,212.165,108.204,177.885,0,63.47054,34.28,72.811,5.299,624,90173,779
31-Mar-15,7405,15/9-F-1 C,24,208.367,108.215,175.393,0,65.01727,32.974,73.494,4.235,623,88514,759
01-Apr-15,7405,15/9-F-1 C,6.46,211.3,107.041,182.844,0,17.94654,28.456,34.814,0.523,58,8422,72
02-Apr-15,7405,15/9-F-1 C,0,221.507,103.488,179.767,0,0.35101,41.74,9.686,13.988,0,0,0
03-Apr-15,7405,15/9-F-1 C,0,226.788,102.746,178.351,0,0.31899,48.437,10.282,18.532,0,0,0
04-Apr-15,7405,15/9-F-1 C,0,231.52,102.311,178.231,0,0.30082,53.289,8.946,21.599,0,0,0
05-Apr-15,7405,15/9-F-1 C,0,236.028,101.881,176.223,0,0.29972,59.806,8.631,28.022,0,0,0
06-Apr-15,7405,15/9-F-1 C,0,237.98,101.669,167.808,0,0.31376,70.172,9.639,40.15,0,0,0
07-Apr-15,7405,15/9-F-1 C,0,241.965,101.117,158.189,0,0.30342,83.776,9.6,54.242,0,0,0
08-Apr-15,7405,15/9-F-1 C,0,256.405,101.338,162.28,0,0.30742,94.125,10.7,64.874,0,0,0
09-Apr-15,7405,15/9-F-1 C,0,263.096,101.291,164.779,0,0.29358,98.317,8.077,69.244,0,0,0
10-Apr-15,7405,15/9-F-1 C,0,266.314,101.196,166.055,0,0.26571,100.258,8.448,71.282,0,0,0
11-Apr-15,7405,15/9-F-1 C,0,269.169,101.111,167.197,0,0.24146,101.973,8.785,73.17,0,0,0
12-Apr-15,7405,15/9-F-1 C,0,272.01,101.033,168.234,0,0.24098,103.776,8.049,74.804,0,0,0
13-Apr-15,7405,15/9-F-1 C,0,274.895,100.96,169.272,0,0.23666,105.623,8.821,76.695,0,0,0
14-Apr-15,7405,15/9-F-1 C,0,277.401,100.892,170.073,0,0.27624,107.328,8.98,78.313,0,0,0
15-Apr-15,7405,15/9-F-1 C,0,280.046,100.831,170.962,0,0.26275,109.085,10.291,79.844,0,0,0
16-Apr-15,7405,15/9-F-1 C,0,282.627,100.771,171.795,0,0.25917,110.832,11.491,81.576,0,0,0
17-Apr-15,7405,15/9-F-1 C,0,285.053,100.716,172.436,0,0.27304,112.617,12.199,83.164,0,0,0
18-Apr-15,7405,15/9-F-1 C,0,287.457,100.667,173.121,0,0.26261,114.335,12.455,84.953,0,0,0
19-Apr-15,7405,15/9-F-1 C,0,289.779,100.618,173.716,0,0.21968,116.063,12.304,86.594,0,0,0
20-Apr-15,7405,15/9-F-1 C,16.38,275.587,106.038,238.976,0,31.69057,36.611,31.721,18.502,82,11893,491
21-Apr-15,7405,15/9-F-1 C,24,262.874,108.015,229.997,0,52.61599,32.877,74.117,20.161,173,25444,1263
22-Apr-15,7405,15/9-F-1 C,24,253.767,108.159,216.692,0,52.59735,37.075,76.614,21.689,268,39276,1093
23-Apr-15,7405,15/9-F-1 C,24,248.853,108.145,209.488,0,52.65872,39.365,72.492,15.133,320,46340,879
24-Apr-15,7405,15/9-F-1 C,24,246.511,108.107,206.765,0,52.65302,39.746,66.226,10.816,319,46150,877
25-Apr-15,7405,15/9-F-1 C,24,243.7,108.111,204.348,0,52.70381,39.352,67.093,10.42,341,49280,823
26-Apr-15,7405,15/9-F-1 C,24,241.288,108.102,202.559,0,52.70324,38.729,67.047,9.822,340,49138,771
27-Apr-15,7405,15/9-F-1 C,24,236.871,108.197,198.189,0,55.26661,38.681,70.359,9.703,397,57219,899
28-Apr-15,7405,15/9-F-1 C,24,232.028,108.227,194.033,0,56.90749,37.995,71.304,8.996,444,63898,911
29-Apr-15,7405,15/9-F-1 C,24,224.943,108.289,187.745,0,59.77122,37.198,76.527,8.285,575,82467,814
30-Apr-15,7405,15/9-F-1 C,24,219.367,108.284,183.724,0,62.13158,35.643,77.135,6.734,608,87181,921
01-May-15,7405,15/9-F-1 C,24,213.641,108.289,179.567,0,65.01906,34.073,77.72,5.309,665,94869,926
02-May-15,7405,15/9-F-1 C,24,210.479,108.264,178.239,0,68.38615,32.24,76.68,3.58,621,88496,869
03-May-15,7405,15/9-F-1 C,9.71,209.442,108.233,178.184,0,28.40513,31.258,75.01,2.678,212,30483,299
04-May-15,7405,15/9-F-1 C,0,222.564,103.89,156.411,0,0,66.153,10.582,37.259,0,0,0
05-May-15,7405,15/9-F-1 C,0,228.487,102.973,158.353,0,0,70.133,9.775,57.947,0,0,0
06-May-15,7405,15/9-F-1 C,0,233.351,102.4,159.002,0,0,74.348,9.158,72.731,0,0,0
07-May-15,7405,15/9-F-1 C,0,237.828,101.922,157.317,0,0,80.511,10.107,79.061,0,0,0
08-May-15,7405,15/9-F-1 C,0,243.559,101.639,154.775,0,0,88.784,10.24,87.425,0,0,0
09-May-15,7405,15/9-F-1 C,0,255.884,101.667,159.05,0,0,96.834,9.687,95.614,0,0,0
10-May-15,7405,15/9-F-1 C,0,261.716,101.516,161.414,0,0,100.302,10.096,95.378,0,0,0
11-May-15,7405,15/9-F-1 C,0,265.168,101.383,162.718,0,0,102.45,10.109,95.045,0,0,0
12-May-15,7405,15/9-F-1 C,0,268.499,101.268,164.015,0,0,104.484,9.884,97.055,0,0,0
13-May-15,7405,15/9-F-1 C,0,271.381,101.165,165.139,0,0,106.242,11.148,86.789,0,0,0
14-May-15,7405,15/9-F-1 C,0,274.266,101.074,166.212,0,0,108.055,11.491,78.96,0,0,0
15-May-15,7405,15/9-F-1 C,0,276.843,100.991,167.138,0,0,109.705,10.602,80.609,0,0,0
16-May-15,7405,15/9-F-1 C,0,279.081,100.915,167.892,0,0,111.189,9.985,82.09,0,0,0
17-May-15,7405,15/9-F-1 C,0,281.35,100.848,168.649,0,0,112.701,11.1,83.604,0,0,0
18-May-15,7405,15/9-F-1 C,0,283.691,100.787,169.398,0,0,114.293,9.374,85.189,0,0,0
19-May-15,7405,15/9-F-1 C,0,285.938,100.728,170.126,0,0,115.812,9.065,86.696,0,0,0
20-May-15,7405,15/9-F-1 C,0,287.891,100.673,170.732,0,0,117.159,11.134,88.061,0,0,0
21-May-15,7405,15/9-F-1 C,0,289.624,100.623,171.236,0,0,118.387,11.216,89.303,0,0,0
22-May-15,7405,15/9-F-1 C,7.38,264.551,107.264,235.451,0,22.22339,29.099,66.361,12.029,143,20890,228
23-May-15,7405,15/9-F-1 C,24,249.195,108.201,220.216,0,73.66493,28.979,83.42,6.574,503,76175,768
24-May-15,7405,15/9-F-1 C,24,235.035,108.32,199.966,0,68.76319,35.069,78.997,5.73,537,78843,864
25-May-15,7405,15/9-F-1 C,24,233.431,108.169,197.156,0,57.35183,36.274,74.119,7.481,505,74291,803
26-May-15,7405,15/9-F-1 C,24,232.597,108.103,197.785,0,56.38097,34.812,70.583,6.06,353,51938,762
27-May-15,7405,15/9-F-1 C,20,232.834,107.774,200.665,0,56.46453,32.169,56.428,3.482,294,43077,647
28-May-15,7405,15/9-F-1 C,0,238.93,105.42,210.24,0,0,28.689,13.533,0.025,0,0,0
29-May-15,7405,15/9-F-1 C,0,246.977,102.152,187.044,0,0.21993,59.933,10.319,31.274,0,0,0
30-May-15,7405,15/9-F-1 C,0,250.832,101.504,173.19,0,0.18304,77.642,11.497,48.987,0,0,0
31-May-15,7405,15/9-F-1 C,0,256.606,101.34,167.865,0,0.16632,88.741,12.125,60.083,0,0,0
01-Jun-15,7405,15/9-F-1 C,0,267.1,101.387,170.836,0,0.15959,96.264,10.488,67.581,0,0,0
02-Jun-15,7405,15/9-F-1 C,0,272.3,101.241,172.639,0,0.15192,99.661,9.238,70.953,0,0,0
03-Jun-15,7405,15/9-F-1 C,0,275.183,101.107,173.654,0,0.12981,101.529,11.7,72.845,0,0,0
04-Jun-15,7405,15/9-F-1 C,0,277.793,101.001,174.521,0,0.13844,103.272,12.597,74.601,0,0,0
05-Jun-15,7405,15/9-F-1 C,0,280.277,100.906,175.32,0,0.11343,104.957,13.014,76.273,0,0,0
06-Jun-15,7405,15/9-F-1 C,0,282.43,100.817,175.978,0,0.13806,106.452,11.144,77.76,0,0,0
07-Jun-15,7405,15/9-F-1 C,0,284.312,100.743,176.612,0,0.11709,107.7,12.144,101.218,0,0,0
08-Jun-15,7405,15/9-F-1 C,0,286.122,100.676,177.15,0,0.09387,108.973,12.9,102.434,0,0,0
09-Jun-15,7405,15/9-F-1 C,0,287.872,100.618,177.613,0,0.09387,110.259,13.896,103.692,0,0,0
10-Jun-15,7405,15/9-F-1 C,0,289.517,100.564,178.059,0,0.08312,111.457,14.117,97.871,0,0,0
11-Jun-15,7405,15/9-F-1 C,10.45,272.691,106.904,239.07,0,22.75783,33.621,43.105,16.677,83,12120,435
12-Jun-15,7405,15/9-F-1 C,24,259.989,107.945,226.55,0,60.86207,33.439,74.249,5.695,213,31055,1287
13-Jun-15,7405,15/9-F-1 C,24,253.845,108.068,217.278,0,54.85205,36.567,74.568,8.827,256,36917,1013
14-Jun-15,7405,15/9-F-1 C,24,251.027,108.025,212.335,0,51.82022,38.693,67.98,10.961,235,34214,747
15-Jun-15,7405,15/9-F-1 C,24,248.768,108.022,209.878,0,51.7525,38.89,66.476,11.153,240,34789,703
16-Jun-15,7405,15/9-F-1 C,24,246.559,107.989,208.354,0,51.48279,38.206,63.713,10.496,245,35543,604
17-Jun-15,7405,15/9-F-1 C,24,245.202,107.96,207.843,0,51.35456,37.359,60.131,9.604,221,32378,550
18-Jun-15,7405,15/9-F-1 C,24,243.781,107.963,207.09,0,51.82289,36.692,62.832,8.926,223,32481,545
19-Jun-15,7405,15/9-F-1 C,24,242.223,107.977,206.114,0,52.09688,36.108,63.521,8.346,230,34081,555
20-Jun-15,7405,15/9-F-1 C,24,240.638,107.984,205.192,0,52.4484,35.446,63.169,7.692,219,32412,556
21-Jun-15,7405,15/9-F-1 C,24,239.848,107.956,205.379,0,52.69465,34.47,62.145,6.703,205,30485,536
22-Jun-15,7405,15/9-F-1 C,24,238.533,108.004,203.96,0,53.39162,34.572,64.545,6.813,211,31256,549
23-Jun-15,7405,15/9-F-1 C,24,234.811,108.148,199.129,0,55.36181,35.682,70.451,7.941,338,49948,746
24-Jun-15,7405,15/9-F-1 C,24,228.969,108.224,192.653,0,56.58419,36.317,74.714,8.626,422,62161,823
25-Jun-15,7405,15/9-F-1 C,24,226.215,108.169,191.41,0,56.5621,34.805,73.234,7.137,388,57125,711
26-Jun-15,7405,15/9-F-1 C,24,224.206,108.162,190.428,0,58.21413,33.778,72.321,5.959,447,65356,765
27-Jun-15,7405,15/9-F-1 C,24,221.041,108.196,187.735,0,60.8889,33.306,73.683,4.774,436,63621,747
28-Jun-15,7405,15/9-F-1 C,24,218.237,108.216,185.836,0,62.82589,32.401,72.15,3.913,452,66072,751
29-Jun-15,7405,15/9-F-1 C,24,213.81,108.287,181.869,0,69.60882,31.941,75.974,3.603,635,91315,974
30-Jun-15,7405,15/9-F-1 C,24,207.219,108.32,176.362,0,73.33077,30.857,77.129,3.123,645,92007,951
01-Jul-15,7405,15/9-F-1 C,3.29,211.121,107.516,183.435,0,10.21,27.686,41.206,0.492,16,2297,26
02-Jul-15,7405,15/9-F-1 C,0,223.997,103.61,175.686,0,0,48.31,16.358,21.775,0,0,0
03-Jul-15,7405,15/9-F-1 C,0,229.863,102.835,174.753,0,0,55.11,15.765,27.639,0,0,0
04-Jul-15,7405,15/9-F-1 C,0,234.76,102.269,171.159,0,0,63.601,15.627,36.179,0,0,0
05-Jul-15,7405,15/9-F-1 C,0,238.998,101.855,166.09,0,0,72.908,14.333,45.424,0,0,0
06-Jul-15,7405,15/9-F-1 C,0,243.327,101.521,160.629,0,0,82.699,16.023,55.078,0,0,0
07-Jul-15,7405,15/9-F-1 C,0,250.521,101.443,157.463,0,0,93.058,15.411,65.531,0,0,0
08-Jul-15,7405,15/9-F-1 C,0,261.363,101.526,161.255,0,0,100.108,15.387,72.483,0,0,0
09-Jul-15,7405,15/9-F-1 C,0,266.491,101.418,163.245,0,0,103.247,13.99,75.719,0,0,0
10-Jul-15,7405,15/9-F-1 C,0,269.74,101.314,164.436,0,0,105.304,14.193,77.858,0,0,0
11-Jul-15,7405,15/9-F-1 C,0,272.552,101.224,165.447,0,0,107.105,14.173,79.63,0,0,0
12-Jul-15,7405,15/9-F-1 C,0,275.278,101.139,166.448,0,0,108.83,14.495,81.22,0,0,0
13-Jul-15,7405,15/9-F-1 C,0,277.849,101.061,167.346,0,0,110.503,15.645,82.729,0,0,0
14-Jul-15,7405,15/9-F-1 C,0,280.24,100.986,168.151,0,0,112.09,16.731,83.87,0,0,0
15-Jul-15,7405,15/9-F-1 C,0,282.433,100.918,168.897,0,0,113.535,17.002,85.413,0,0,0
16-Jul-15,7405,15/9-F-1 C,0,284.584,100.858,169.593,0,0,114.991,17.192,86.894,0,0,0
17-Jul-15,7405,15/9-F-1 C,0,286.93,100.8,170.342,0,0,116.588,15.565,88.854,0,0,0
18-Jul-15,7405,15/9-F-1 C,0,288.936,100.74,170.96,0,0,117.976,13.542,90.351,0,0,0
19-Jul-15,7405,15/9-F-1 C,0,290.724,100.691,171.555,0,0,119.169,13.934,91.644,0,0,0
20-Jul-15,7405,15/9-F-1 C,0,292.301,100.645,172.037,0,0,120.264,14.788,92.882,0,0,0
21-Jul-15,7405,15/9-F-1 C,0,293.689,100.595,173.867,0,0,119.822,13.989,91.923,0,0,0
22-Jul-15,7405,15/9-F-1 C,22.38,268.879,107.548,240.576,0,55.01502,28.303,64.064,10.207,111,16834,1201
23-Jul-15,7405,15/9-F-1 C,24,257.853,108.119,228.911,0,76.03493,28.941,73.507,1.654,166,25057,1350
24-Jul-15,7405,15/9-F-1 C,24,248.657,108.212,216.193,0,62.36531,32.464,77.298,4.817,265,39859,1152
25-Jul-15,7405,15/9-F-1 C,24,248.316,108.076,213.898,0,53.82786,34.418,70.602,7.172,204,30789,744
26-Jul-15,7405,15/9-F-1 C,24,245.789,108.097,211.314,0,53.7594,34.475,69.989,7.227,230,34488,734
27-Jul-15,7405,15/9-F-1 C,24,243.756,108.078,209.601,0,53.47775,34.155,68.881,6.91,228,34207,678
28-Jul-15,7405,15/9-F-1 C,24,242.079,108.059,208.544,0,53.41421,33.535,67.504,6.283,224,33825,671
29-Jul-15,7405,15/9-F-1 C,24,241.095,108.014,208.547,0,53.511,32.548,65.375,5.283,183,27538,580
30-Jul-15,7405,15/9-F-1 C,24,240.008,108.035,207.54,0,54.51367,32.468,65.545,5.197,202,30240,609
31-Jul-15,7405,15/9-F-1 C,24,237.156,108.13,204.267,0,56.36182,32.889,67.562,5.46,267,40044,709
01-Aug-15,7405,15/9-F-1 C,24,231.57,108.245,197.857,0,58.64993,33.713,68.344,5.978,350,52297,826
02-Aug-15,7405,15/9-F-1 C,24,229.023,108.174,196.685,0,58.55974,32.338,67.774,4.701,323,48064,713
03-Aug-15,7405,15/9-F-1 C,24,225.786,108.216,193.707,0,62.10371,32.079,73.148,3.929,385,57759,820
04-Aug-15,7405,15/9-F-1 C,24,220.5,108.253,188.267,0,63.75049,32.233,73.749,3.898,444,66824,845
05-Aug-15,7405,15/9-F-1 C,24,213.109,108.292,182.85,0,70.87811,30.259,72.729,5.832,733,107840,1147
06-Aug-15,7405,15/9-F-1 C,24,208.74,108.277,179.073,0,73.5162,29.667,75.583,2.392,583,86710,876
07-Aug-15,7405,15/9-F-1 C,3.79,210.435,108.143,183.607,0,11.82626,26.828,71.096,1.197,54,8198,107
08-Aug-15,7405,15/9-F-1 C,0,224.068,103.672,160.319,0,0,63.749,16.51,43.912,0,0,0
09-Aug-15,7405,15/9-F-1 C,0,229.907,102.826,160.271,0,0,69.636,15.272,50.858,0,0,0
10-Aug-15,7405,15/9-F-1 C,0,234.763,102.211,156.922,0,0,77.841,15.793,59.5,0,0,0
11-Aug-15,7405,15/9-F-1 C,0,239.639,101.868,152.926,0,0,86.713,15.592,68.716,0,0,0
12-Aug-15,7405,15/9-F-1 C,0,251.347,101.902,156.565,0,0,94.782,15.524,76.946,0,0,0
13-Aug-15,7405,15/9-F-1 C,0,258.846,101.751,159.646,0,0,99.201,15.328,81.379,0,0,0
14-Aug-15,7405,15/9-F-1 C,0,262.695,101.598,161.259,0,0,101.436,16.613,83.718,0,0,0
15-Aug-15,7405,15/9-F-1 C,0,266.106,101.469,162.625,0,0,103.481,16.555,85.79,0,0,0
16-Aug-15,7405,15/9-F-1 C,0,269.289,101.357,163.907,0,0,105.381,17.447,87.446,0,0,0
17-Aug-15,7405,15/9-F-1 C,0,272.294,101.256,165.037,0,0,107.257,18.079,89.036,0,0,0
18-Aug-15,7405,15/9-F-1 C,0,274.827,101.163,165.905,0,0,108.922,17.402,90.029,0,0,0
19-Aug-15,7405,15/9-F-1 C,0,277.311,101.082,166.758,0,0,110.554,17.264,90.703,0,0,0
20-Aug-15,7405,15/9-F-1 C,0,280.006,101.008,167.69,0,0,112.316,16.509,91.513,0,0,0
21-Aug-15,7405,15/9-F-1 C,0,282.403,100.951,223.089,0,20.25874,59.314,16.104,43.056,0,0,0
22-Aug-15,7405,15/9-F-1 C,0,284.682,100.876,284.682,0,19.4138,0,16.739,0,0,0,0
23-Aug-15,7405,15/9-F-1 C,0,286.53,100.812,286.53,0,0.49005,0,17.806,0,0,0,0
24-Aug-15,7405,15/9-F-1 C,0,288.069,100.757,288.069,0,0.46119,0,17.93,0,0,0,0
25-Aug-15,7405,15/9-F-1 C,0,289.661,100.706,283.833,0,9.51871,5.828,26.043,1.009,0,0,0
26-Aug-15,7405,15/9-F-1 C,0,291.142,100.659,286.348,0,19.52653,4.794,28.181,0.23,0,0,0
27-Aug-15,7405,15/9-F-1 C,0,292.638,100.614,292.635,0,0.11849,0.002,14.91,0.044,0,0,0
28-Aug-15,7405,15/9-F-1 C,0,293.821,100.571,293.8,0,0.10666,0.021,14.047,0.021,0,0,0
29-Aug-15,7405,15/9-F-1 C,0,281.83,95.876,281.786,0,0.09115,0.044,14.692,0.044,0,0,0
30-Aug-15,7405,15/9-F-1 C,0,295.939,100.494,295.885,0,0.09078,0.054,14.517,0.054,0,0,0
31-Aug-15,7405,15/9-F-1 C,0,296.511,100.322,296.511,0,0.09185,0,15.409,14.259,0,0,0
01-Sep-15,7405,15/9-F-1 C,0,297.826,100.426,296.761,0,0.09107,1.065,23.103,27.573,0,0,0
02-Sep-15,7405,15/9-F-1 C,0,298.742,100.368,275.286,0,0.08241,23.456,21.61,5.366,0,0,0
03-Sep-15,7405,15/9-F-1 C,0,297.712,99.903,204.629,0,0.06951,93.082,19.64,63.319,0,0,0
04-Sep-15,7405,15/9-F-1 C,16.16,277.589,107.375,244.14,0,38.671,33.449,58.746,9.028,177,27384,934
05-Sep-15,7405,15/9-F-1 C,24,265.459,108.038,231.905,0,58.93306,33.554,78.656,6.862,291,44064,1417
06-Sep-15,7405,15/9-F-1 C,24,258.201,108.095,222.722,0,55.80774,35.48,76.71,8.779,344,51698,1069
07-Sep-15,7405,15/9-F-1 C,24,253.934,108.097,217.285,0,53.85619,36.649,73.612,9.977,360,53949,983
08-Sep-15,7405,15/9-F-1 C,24,250.729,108.086,214.033,0,53.287,36.696,71.531,10.044,370,55458,855
09-Sep-15,7405,15/9-F-1 C,24,247.68,108.084,211.453,0,53.28875,36.228,70.847,9.566,370,55321,819
10-Sep-15,7405,15/9-F-1 C,24,245.182,108.066,209.838,0,53.2937,35.344,69.525,8.694,356,53159,754
11-Sep-15,7405,15/9-F-1 C,24,243.32,108.032,209.228,0,53.26503,34.092,67.374,7.436,335,50331,707
12-Sep-15,7405,15/9-F-1 C,24,239.657,108.141,205.556,0,55.98024,34.101,71.443,7.378,397,58901,858
13-Sep-15,7405,15/9-F-1 C,24,235.341,108.161,201.878,0,56.80937,33.463,70.463,6.754,412,60948,840
14-Sep-15,7405,15/9-F-1 C,24,232.748,108.14,200.329,0,57.74957,32.419,71.879,5.639,427,64122,818
15-Sep-15,7405,15/9-F-1 C,24,228.465,108.187,196.545,0,60.30909,31.921,73.625,4.947,434,64317,891
16-Sep-15,7405,15/9-F-1 C,24,225.027,108.177,193.947,0,62.16607,31.081,73.849,3.963,439,64702,888
17-Sep-15,7405,15/9-F-1 C,24,220.583,108.213,189.576,0,65.79759,31.007,76.781,3.372,515,76529,931
18-Sep-15,7405,15/9-F-1 C,24,214.004,108.285,183.171,0,77.67799,30.833,79.779,2.251,615,89918,1061
19-Sep-15,7405,15/9-F-1 C,24,211.502,108.073,182.975,0,93.63543,28.527,72.66,1.08,510,74359,766
20-Sep-15,7405,15/9-F-1 C,8.31,217.541,105.905,192.876,0,34.85313,24.665,29.356,0.194,109,16389,176
21-Sep-15,7405,15/9-F-1 C,0,227.646,103.362,192.465,0,0.00014,35.181,15.718,6.683,0,0,0
22-Sep-15,7405,15/9-F-1 C,0,229.312,100.878,185.416,0,0,43.896,15.032,14.138,0,0,0
23-Sep-15,7405,15/9-F-1 C,0,237.531,101.973,181.655,0,0,55.876,16.347,25.187,0,0,0
24-Sep-15,7405,15/9-F-1 C,0,242.007,101.519,172.065,0,0,69.942,13.459,39.36,0,0,0
25-Sep-15,7405,15/9-F-1 C,0,246.114,101.261,164.262,0,0,81.852,14.019,51.216,0,0,0
26-Sep-15,7405,15/9-F-1 C,0,254.843,101.435,164.423,0,0,90.42,16.226,59.685,0,0,0
27-Sep-15,7405,15/9-F-1 C,0,263.273,101.4,167.45,0,0,95.823,15.414,64.931,0,0,0
28-Sep-15,7405,15/9-F-1 C,0,268.063,101.301,169.143,0,0,98.921,14.346,68.191,0,0,0
29-Sep-15,7405,15/9-F-1 C,0,271.155,101.203,170.18,0,0,100.975,13.93,70.435,0,0,0
30-Sep-15,7405,15/9-F-1 C,0,273.993,101.117,171.16,0,0,102.833,13.755,72.19,0,0,0
01-Oct-15,7405,15/9-F-1 C,0,276.828,101.039,172.128,0,0,104.701,13.892,74.045,0,0,0
02-Oct-15,7405,15/9-F-1 C,0,279.435,100.965,172.986,0,0,106.449,13.771,75.795,0,0,0
03-Oct-15,7405,15/9-F-1 C,0,281.727,100.897,173.672,0,0,108.055,14.272,77.336,0,0,0
04-Oct-15,7405,15/9-F-1 C,0,283.897,100.834,174.285,0,0,109.612,15.111,78.717,0,0,0
05-Oct-15,7405,15/9-F-1 C,0,285.951,100.777,174.861,0,0,111.09,15.993,80.38,0,0,0
06-Oct-15,7405,15/9-F-1 C,0,287.912,100.724,175.418,0,0,112.494,15.122,81.923,0,0,0
07-Oct-15,7405,15/9-F-1 C,0,289.486,100.674,175.937,0,0,113.55,13.661,83.215,0,0,0
08-Oct-15,7405,15/9-F-1 C,0,290.999,100.626,176.372,0,0,114.627,13.885,84.24,0,0,0
09-Oct-15,7405,15/9-F-1 C,0,292.485,100.583,176.762,0,0,115.723,14.977,85.064,0,0,0
10-Oct-15,7405,15/9-F-1 C,0,293.909,100.542,177.147,0,0,116.761,14.337,86.252,0,0,0
11-Oct-15,7405,15/9-F-1 C,0,295.269,100.504,177.485,0,0,117.783,13.501,87.462,0,0,0
12-Oct-15,7405,15/9-F-1 C,0,296.522,100.467,177.85,0,0,118.672,12.261,88.499,0,0,0
13-Oct-15,7405,15/9-F-1 C,0,297.575,100.43,178.059,0,0,119.515,13.555,89.083,0,0,0
14-Oct-15,7405,15/9-F-1 C,6.11,282.495,105.6,227.809,0,13.45897,54.686,35.887,31.837,68,10292,231
15-Oct-15,7405,15/9-F-1 C,24,266.729,107.903,239.883,0,59.00992,26.846,79.765,8.119,106,16147,1645
16-Oct-15,7405,15/9-F-1 C,24,257.855,108.053,228.379,0,55.37971,29.476,80.058,10.756,158,23820,1229
17-Oct-15,7405,15/9-F-1 C,24,254.754,108.005,222.526,0,51.61287,32.229,72.926,13.503,154,23111,862
18-Oct-15,7405,15/9-F-1 C,24,253.1,107.963,220.286,0,50.16503,32.814,69.051,14.093,150,22354,715
19-Oct-15,7405,15/9-F-1 C,24,248.919,108.092,215.461,0,52.31617,33.458,72.877,14.754,225,33845,861
20-Oct-15,7405,15/9-F-1 C,24,244.906,108.088,211.133,0,51.12082,33.773,69.84,15.092,221,33090,816
21-Oct-15,7405,15/9-F-1 C,24,243.212,108.031,210.343,0,52.8942,32.869,61.205,9.907,208,31225,702
22-Oct-15,7405,15/9-F-1 C,24,240.393,108.07,208.128,0,55.40025,32.265,64.322,6.161,218,32598,699
23-Oct-15,7405,15/9-F-1 C,24,238.339,108.056,207.074,0,56.32231,31.265,64.551,5.208,219,32908,730
24-Oct-15,7405,15/9-F-1 C,24,234.842,108.111,203.848,0,58.32782,30.995,66.506,4.64,253,38311,735
25-Oct-15,7405,15/9-F-1 C,24,232.593,108.074,202.54,0,59.99157,30.053,66.584,5.233,284,42501,786
26-Oct-15,7405,15/9-F-1 C,24,226.844,108.183,194.498,0,55.61919,32.347,70.539,13.63,394,64546,860
27-Oct-15,7405,15/9-F-1 C,24,222.449,108.174,191.255,0,56.48962,31.193,75.355,12.502,419,68466,847
28-Oct-15,7405,15/9-F-1 C,24,219.677,108.139,189.719,0,56.47153,29.959,73.91,11.285,400,64240,801
29-Oct-15,7405,15/9-F-1 C,24,214.76,108.228,185.267,0,67.66509,29.493,76.509,7.43,606,93397,1014
30-Oct-15,7405,15/9-F-1 C,1.69,213.32,108.162,183.931,0,6.64388,29.389,73.713,1.215,3,521,7
31-Oct-15,7405,15/9-F-1 C,0,229.108,103.556,161.39,0,0.21763,67.717,12.554,41.825,0,0,0
01-Nov-15,7405,15/9-F-1 C,0,235.026,102.693,161.75,0,0.20664,73.277,11.892,47.383,0,0,0
02-Nov-15,7405,15/9-F-1 C,0,239.437,102.104,158.393,0,0.1991,81.045,11.839,54.62,0,0,0
03-Nov-15,7405,15/9-F-1 C,0,245.232,101.83,156.043,0,0.17434,89.189,10.893,62.662,0,0,0
04-Nov-15,7405,15/9-F-1 C,0,256,101.82,159.757,0,0.16086,96.244,12.483,69.396,0,0,0
05-Nov-15,7405,15/9-F-1 C,0,262.626,101.661,162.387,0,0.15917,100.239,12.805,73.051,0,0,0
06-Nov-15,7405,15/9-F-1 C,0,266.817,101.51,164.045,0,0.15893,102.771,12.906,76.248,0,0,0
07-Nov-15,7405,15/9-F-1 C,0,270.095,101.384,165.32,0,0.15107,104.774,12.617,78.386,0,0,0
08-Nov-15,7405,15/9-F-1 C,0,273.11,101.273,166.431,0,0.13999,106.679,12.392,80.318,0,0,0
09-Nov-15,7405,15/9-F-1 C,0,276.014,101.175,167.466,0,0.14453,108.548,11.566,82.195,0,0,0
10-Nov-15,7405,15/9-F-1 C,0,278.868,101.088,168.436,0,0.13611,110.431,12.899,84.256,0,0,0
11-Nov-15,7405,15/9-F-1 C,0,281.617,101.009,169.342,0,0.12831,112.275,12.505,86.866,0,0,0
12-Nov-15,7405,15/9-F-1 C,0,284.218,100.937,170.183,0,0.14426,114.035,11.744,88.534,0,0,0
13-Nov-15,7405,15/9-F-1 C,0,286.617,100.872,170.949,0,0.14319,115.668,10.707,89.821,0,0,0
14-Nov-15,7405,15/9-F-1 C,0,288.758,100.811,171.685,0,0.15823,117.073,10.868,91.549,0,0,0
15-Nov-15,7405,15/9-F-1 C,0,290.981,100.755,172.308,0,0.14446,118.672,12.439,92.887,0,0,0
16-Nov-15,7405,15/9-F-1 C,0,292.987,100.704,172.873,0,0.12348,120.114,11.211,94.072,0,0,0
17-Nov-15,7405,15/9-F-1 C,0,294.823,100.654,173.409,0,0.13176,121.413,10.062,95.4,0,0,0
18-Nov-15,7405,15/9-F-1 C,13.26,278.771,106.301,237.317,0,27.95413,41.454,35.5,23.571,63,9772,410
19-Nov-15,7405,15/9-F-1 C,24,270.762,107.612,243.92,0,56.91126,26.842,64.635,5.68,57,8878,850
20-Nov-15,7405,15/9-F-1 C,24,263.882,107.884,237.19,0,60.682,26.692,74.096,5.132,175,27015,1131
21-Nov-15,7405,15/9-F-1 C,24,251.5,108.181,222.5,0,60.68903,29,81.46,7.433,252,38791,1425
22-Nov-15,7405,15/9-F-1 C,24,244.365,108.215,212.291,0,60.66511,32.074,79.657,6.454,303,46436,1032
23-Nov-15,7405,15/9-F-1 C,24,239.834,108.202,206.722,0,60.61982,33.112,71.808,5.642,304,46216,1035
24-Nov-15,7405,15/9-F-1 C,24,236.093,108.168,203.775,0,60.61337,32.318,73.646,4.79,301,45610,910
25-Nov-15,7405,15/9-F-1 C,24,232.987,108.163,201.826,0,62.96496,31.162,74.783,3.622,309,46936,933
26-Nov-15,7405,15/9-F-1 C,24,229.877,108.13,199.969,0,65.61387,29.907,68.736,2.534,290,44165,799
27-Nov-15,7405,15/9-F-1 C,24,227.091,108.15,197.44,0,55.41932,29.651,69.427,10.641,312,47139,853
28-Nov-15,7405,15/9-F-1 C,24,224.292,108.129,195.164,0,55.42483,29.128,69.378,10.374,319,48869,809
29-Nov-15,7405,15/9-F-1 C,24,222.149,108.106,193.654,0,55.49048,28.495,70.795,9.749,325,49523,753
30-Nov-15,7405,15/9-F-1 C,24,220.581,108.088,192.866,0,55.47582,27.714,72.695,8.986,322,49034,743
01-Dec-15,7405,15/9-F-1 C,24,219.293,108.083,192.19,0,55.73845,27.104,71.461,8.558,318,48723,737
02-Dec-15,7405,15/9-F-1 C,24,217.105,108.121,190.315,0,56.25741,26.79,67.989,9.077,350,53110,738
03-Dec-15,7405,15/9-F-1 C,24,215.272,108.139,188.981,0,56.99665,26.291,71.859,8.584,353,53761,745
04-Dec-15,7405,15/9-F-1 C,24,213.676,108.142,187.961,0,56.93238,25.715,70.505,8.386,372,59285,771
05-Dec-15,7405,15/9-F-1 C,24,212.131,108.15,187.022,0,56.80454,25.109,67.014,8.378,334,51572,727
06-Dec-15,7405,15/9-F-1 C,24,211.229,108.146,187.072,0,56.828,24.156,72.424,7.893,356,54833,749
07-Dec-15,7405,15/9-F-1 C,24,209.866,108.174,185.812,0,57.60208,24.054,74.381,8.346,362,55787,764
08-Dec-15,7405,15/9-F-1 C,24,208.079,108.199,184.131,0,59.02969,23.947,69.911,8.226,406,62595,809
09-Dec-15,7405,15/9-F-1 C,5.66,207.589,108.192,184.405,0,13.98963,23.184,73.224,7.709,98,15246,192
10-Dec-15,7405,15/9-F-1 C,0,220.545,103.914,156.564,0,0,63.98,9.693,37.695,0,0,0
11-Dec-15,7405,15/9-F-1 C,0,226.235,103.165,159.644,0,0,66.591,8.576,40.134,0,0,0
12-Dec-15,7405,15/9-F-1 C,0,231.205,102.689,162.146,0,0,69.06,10.692,42.57,0,0,0
13-Dec-15,7405,15/9-F-1 C,0,235.401,102.279,162.802,0,0,72.599,11.147,46.191,0,0,0
14-Dec-15,7405,15/9-F-1 C,0,240.024,101.91,161.431,0,0,78.593,8.988,52.273,0,0,0
15-Dec-15,7405,15/9-F-1 C,0,244.596,101.534,157.33,0,0,87.266,8.812,61.048,0,0,0
16-Dec-15,7405,15/9-F-1 C,0,253.414,101.615,157.659,0,0,95.755,9.973,69.572,0,0,0
17-Dec-15,7405,15/9-F-1 C,0,262.178,101.57,161.032,0,0,101.147,10.897,74.999,0,0,0
18-Dec-15,7405,15/9-F-1 C,0,267.454,101.468,163.02,0,0,104.435,10.938,78.327,0,0,0
19-Dec-15,7405,15/9-F-1 C,0,270.949,101.366,164.356,0,0,106.593,11.227,80.51,0,0,0
20-Dec-15,7405,15/9-F-1 C,0,273.824,101.276,165.415,0,0,108.409,10.653,82.364,0,0,0
21-Dec-15,7405,15/9-F-1 C,0,276.623,101.194,166.439,0,0,110.184,9.348,84.159,0,0,0
22-Dec-15,7405,15/9-F-1 C,0,279.23,101.118,167.378,0,0,111.851,9.951,85.812,0,0,0
23-Dec-15,7405,15/9-F-1 C,0,281.643,101.049,168.202,0,0,113.44,9.291,87.736,0,0,0
24-Dec-15,7405,15/9-F-1 C,0,283.953,100.983,168.967,0,0,114.986,9.738,89.372,0,0,0
25-Dec-15,7405,15/9-F-1 C,0,286.075,100.924,169.666,0,0,116.409,9.046,90.803,0,0,0
26-Dec-15,7405,15/9-F-1 C,0,288.108,100.869,170.345,0,0,117.762,9.496,92.16,0,0,0
27-Dec-15,7405,15/9-F-1 C,0,289.947,100.816,170.884,0,0,119.063,7.813,93.447,0,0,0
28-Dec-15,7405,15/9-F-1 C,0,291.552,100.766,171.392,0,0,120.161,9.041,94.579,0,0,0
29-Dec-15,7405,15/9-F-1 C,0,292.989,100.719,171.818,0,0,121.171,9.556,95.583,0,0,0
30-Dec-15,7405,15/9-F-1 C,0,294.821,100.677,172.322,0,0,122.499,10.405,96.899,0,0,0
31-Dec-15,7405,15/9-F-1 C,0,295.862,100.635,172.694,0,0,123.168,9.491,97.569,0,0,0
01-Jan-16,7405,15/9-F-1 C,0,296.916,100.595,172.981,0,0,123.936,8.648,98.351,0,0,0
02-Jan-16,7405,15/9-F-1 C,0,298.101,100.559,173.392,0,0,124.709,8.65,99.054,0,0,0
03-Jan-16,7405,15/9-F-1 C,0,299.247,100.525,173.746,0,0.00225,125.501,4.81,93.938,0,0,0
04-Jan-16,7405,15/9-F-1 C,14.34,284.269,106.16,242.973,0,26.60707,41.295,25.043,24.841,83,13437,203
05-Jan-16,7405,15/9-F-1 C,24,277.916,107.549,250.456,0,49.8778,27.459,51.21,13.166,33,5277,843
06-Jan-16,7405,15/9-F-1 C,24,264.792,108.06,239.252,0,57.80311,25.539,77.967,9.769,94,15282,1466
07-Jan-16,7405,15/9-F-1 C,24,255.156,108.18,228.293,0,57.47243,26.863,79.187,11.103,165,26623,1413
08-Jan-16,7405,15/9-F-1 C,24,249.944,108.173,220.727,0,54.51911,29.217,76.908,13.467,194,31122,1122
09-Jan-16,7405,15/9-F-1 C,24,246.178,108.149,215.683,0,53.01709,30.495,74.297,14.756,206,32916,970
10-Jan-16,7405,15/9-F-1 C,24,244.588,108.072,214.339,0,52.21067,30.25,69.109,14.516,187,30049,811
11-Jan-16,7405,15/9-F-1 C,24,243.198,108.032,213.862,0,51.28629,29.337,66.237,13.616,170,27228,734
12-Jan-16,7405,15/9-F-1 C,24,242.526,108.001,214.203,0,51.57828,28.323,68.369,12.607,157,24965,685
13-Jan-16,7405,15/9-F-1 C,23.5,240.059,108.072,211.83,0,52.31771,28.228,71.199,13.067,233,37109,846
14-Jan-16,7405,15/9-F-1 C,24,236.321,108.12,206.539,0,52.69473,29.782,71.279,14.093,258,39859,871
15-Jan-16,7405,15/9-F-1 C,24,235.445,108.055,207.149,0,52.14367,28.295,68.107,12.614,200,31091,727
16-Jan-16,7405,15/9-F-1 C,24,234.172,108.048,206.74,0,52.30153,27.432,70.527,11.753,199,30912,695
17-Jan-16,7405,15/9-F-1 C,24,233.165,108.034,206.494,0,52.33153,26.671,70.704,11,197,30602,672
18-Jan-16,7405,15/9-F-1 C,24,231.726,108.056,205.18,0,52.80911,26.546,69.806,10.865,198,30751,704
19-Jan-16,7405,15/9-F-1 C,24,229.56,108.108,202.688,0,53.83306,26.872,73.306,11.185,258,40020,781
20-Jan-16,7405,15/9-F-1 C,13.84,227.722,107.987,201.34,0,33.37632,26.382,69.343,10.606,151,24432,493
21-Jan-16,7405,15/9-F-1 C,0,239.764,104.328,198.185,0,0,41.578,11.201,14.745,0,0,0
22-Jan-16,7405,15/9-F-1 C,0,245.023,103.264,200.601,0,0,44.422,7.884,17.049,0,0,0
23-Jan-16,7405,15/9-F-1 C,0,249.503,102.554,198.628,0,0,50.875,9.47,24.72,0,0,0
24-Jan-16,7405,15/9-F-1 C,0,253.687,101.965,190.273,0,0,63.414,9.575,37.764,0,0,0
25-Jan-16,7405,15/9-F-1 C,0,257.354,101.651,182.53,0,0,74.824,10.426,52.108,0,0,0
26-Jan-16,7405,15/9-F-1 C,0,260.629,101.452,178.381,0,0,82.248,9.001,57.776,0,0,0
27-Jan-16,7405,15/9-F-1 C,0,263.605,101.301,173.767,0,0,89.839,11,74.288,0,0,0
28-Jan-16,7405,15/9-F-1 C,0,266.36,101.177,170.21,0,0,96.15,9.225,80.593,0,0,0
29-Jan-16,7405,15/9-F-1 C,0,269.399,101.122,167.723,0,0,101.676,8.931,86.119,0,0,0
30-Jan-16,7405,15/9-F-1 C,0,275.576,101.191,169.15,0,0,106.426,6.407,90.868,0,0,0
31-Jan-16,7405,15/9-F-1 C,0,281.125,101.136,170.893,0,0,110.232,8.158,94.682,0,0,0
01-Feb-16,7405,15/9-F-1 C,0,285.146,101.067,172.013,0,0,113.133,8.65,97.582,0,0,0
02-Feb-16,7405,15/9-F-1 C,0,287.792,101.001,172.785,0,0,115.007,8.49,99.446,0,0,0
03-Feb-16,7405,15/9-F-1 C,0,290.309,100.941,173.53,0,0,116.78,9.142,101.242,0,0,0
04-Feb-16,7405,15/9-F-1 C,0,292.635,100.882,174.179,0,0,118.456,8.927,102.721,0,0,0
05-Feb-16,7405,15/9-F-1 C,0,294.36,100.826,174.594,0,0,119.767,8.523,102.891,0,0,0
06-Feb-16,7405,15/9-F-1 C,22.08,282.771,105.032,233.973,0,40.32657,48.798,17.865,27.943,66,10185,203
07-Feb-16,7405,15/9-F-1 C,24,272.324,107.662,248.423,0,53.38168,23.901,48.52,8.207,52,8288,991
08-Feb-16,7405,15/9-F-1 C,24,265.138,107.898,240.191,0,54.21946,24.947,68.167,9.213,73,11560,1062
09-Feb-16,7405,15/9-F-1 C,24,258.254,108.056,230.123,0,54.16731,28.131,72.829,12.388,119,18957,1057
10-Feb-16,7405,15/9-F-1 C,24,251.451,108.149,220.047,0,54.14206,31.404,78.309,15.645,207,32150,1108
11-Feb-16,7405,15/9-F-1 C,24,245.655,108.18,212.44,0,54.17009,33.216,77.275,17.429,210,32735,1087
12-Feb-16,7405,15/9-F-1 C,24,241.08,108.156,207.775,0,53.73642,33.304,74.487,17.287,308,47812,938
13-Feb-16,7405,15/9-F-1 C,24,239.048,108.07,207.382,0,52.60856,31.666,72.974,15.688,293,45604,791
14-Feb-16,7405,15/9-F-1 C,24,236.79,108.058,206.324,0,52.71173,30.466,72.495,14.498,241,37810,763
15-Feb-16,7405,15/9-F-1 C,24,234.79,108.041,205.395,0,52.63982,29.395,71.677,13.453,240,37455,759
16-Feb-16,7405,15/9-F-1 C,24,233.138,108.023,204.575,0,52.64716,28.563,61.753,12.626,237,37227,756
17-Feb-16,7405,15/9-F-1 C,24,231.651,108.01,203.594,0,52.61857,28.057,60.883,12.115,237,36908,748
18-Feb-16,7405,15/9-F-1 C,24,230.407,107.995,202.93,0,52.6041,27.477,68.712,11.541,232,36516,744
19-Feb-16,7405,15/9-F-1 C,24,229.33,107.983,202.434,0,52.61605,26.896,60.635,10.959,298,46879,657
20-Feb-16,7405,15/9-F-1 C,24,228.535,107.969,202.372,0,52.5706,26.163,64.998,10.249,308,47840,669
21-Feb-16,7405,15/9-F-1 C,24,227.423,108,201.224,0,53.22883,26.199,67.606,10.327,297,47177,682
22-Feb-16,7405,15/9-F-1 C,24,225.843,108.018,199.948,0,53.59606,25.895,70.942,9.923,305,48861,707
23-Feb-16,7405,15/9-F-1 C,24,225.188,108.002,200.214,0,53.54758,24.974,69.881,9.028,304,48622,713
24-Feb-16,7405,15/9-F-1 C,24,224.603,108.021,199.885,0,54.27181,24.717,70.605,8.759,327,52070,717
25-Feb-16,7405,15/9-F-1 C,24,222.382,108.081,196.968,0,54.97036,25.414,72.953,9.411,338,53576,741
26-Feb-16,7405,15/9-F-1 C,5.66,223.456,107.812,204.625,0,15.77039,18.831,62.426,3.705,25,4018,52
27-Feb-16,7405,15/9-F-1 C,0,237.501,103.916,195.652,0,0,41.85,10.39,26.305,0,0,0
28-Feb-16,7405,15/9-F-1 C,0.75,241.89,104.422,225.8,0,2.62843,16.09,13.928,7.981,1,89,1
29-Feb-16,7405,15/9-F-1 C,0,247.975,102.889,228.34,0,0.24178,19.635,7.939,4.097,0,0,0
01-Mar-16,7405,15/9-F-1 C,0,252.878,102.44,228.156,0,0.27123,24.722,6.604,9.231,0,0,0
02-Mar-16,7405,15/9-F-1 C,0,257.126,101.927,221.5,0,0.25388,35.627,8.772,20.058,0,0,0
03-Mar-16,7405,15/9-F-1 C,0,260.852,101.479,205.874,0,0.24661,54.979,10.836,39.422,0,0,0
04-Mar-16,7405,15/9-F-1 C,0,264.262,101.322,195.286,0,0.23401,68.976,9.747,53.417,0,0,0
05-Mar-16,7405,15/9-F-1 C,0,267.415,101.21,188.308,0,0.22292,79.107,9.045,63.548,0,0,0
06-Mar-16,7405,15/9-F-1 C,0,270.324,101.117,184.876,0,0.20748,85.448,8.18,69.929,0,0,0
07-Mar-16,7405,15/9-F-1 C,0,273.018,100.998,268.284,0,0.20585,4.734,9.066,1.324,0,0,0
08-Mar-16,7405,15/9-F-1 C,0,275.425,100.797,267.081,0,0.20531,8.345,14.737,7.149,0,0,0
09-Mar-16,7405,15/9-F-1 C,0,277.748,100.792,222.885,0,0.19944,54.862,7.893,53.506,0,0,0
10-Mar-16,7405,15/9-F-1 C,0,279.679,100.883,193.622,0,0.19608,86.057,8.399,84.564,0,0,0
11-Mar-16,7405,15/9-F-1 C,0,281.272,100.859,189.419,0,0.1936,91.853,7.555,90.226,0,0,0
12-Mar-16,7405,15/9-F-1 C,0,285.42,100.9,188.487,0,0.18534,96.934,7.279,95.173,0,0,0
13-Mar-16,7405,15/9-F-1 C,0,290.391,100.876,189.124,0,0.19916,101.266,7.546,99.373,0,0,0
14-Mar-16,7405,15/9-F-1 C,0,294.401,100.838,189.639,0,0.21273,104.762,9.671,102.702,0,0,0
15-Mar-16,7405,15/9-F-1 C,0,297.501,100.798,190.036,0,0.18889,107.465,11.253,105.24,0,0,0
16-Mar-16,7405,15/9-F-1 C,0,299.722,100.756,190.312,0,0.18592,109.41,11.268,107.028,0,0,0
17-Mar-16,7405,15/9-F-1 C,21.76,289.08,105.43,241.516,0,39.20017,47.564,24.626,27.178,50,8087,764
18-Mar-16,7405,15/9-F-1 C,24,281.178,107.557,253.264,0,49.50087,27.914,57.584,12.344,38,6203,844
19-Mar-16,7405,15/9-F-1 C,24,275.321,107.799,248.431,0,51.16093,26.89,61.414,11.25,64,10455,931
20-Mar-16,7405,15/9-F-1 C,24,270.345,107.895,241.731,0,51.05473,28.614,70.084,12.965,82,13263,858
21-Mar-16,7405,15/9-F-1 C,24,265.651,107.976,234.772,0,51.04213,30.879,71.747,15.198,109,17787,919
22-Mar-16,7405,15/9-F-1 C,24,260.901,108.056,228.736,0,51.69107,32.165,73.865,16.475,189,30603,985
23-Mar-16,7405,15/9-F-1 C,24,255.506,108.126,221.918,0,52.67783,33.587,74.748,17.495,244,39160,976
24-Mar-16,7405,15/9-F-1 C,24,250.393,108.149,216.011,0,52.94943,34.382,68.641,18.073,247,40029,983
25-Mar-16,7405,15/9-F-1 C,24,246.173,108.138,211.993,0,52.93515,34.18,72.985,17.986,248,40440,936
26-Mar-16,7405,15/9-F-1 C,24,241.959,108.15,208.721,0,53.88786,33.238,68.793,17.028,265,43614,913
27-Mar-16,7405,15/9-F-1 C,23,238.132,108.139,206.27,0,54.10047,31.862,67.324,15.658,253,42108,872
28-Mar-16,7405,15/9-F-1 C,24,235.061,108.125,204.563,0,54.32924,30.498,73.935,14.288,272,44973,882
29-Mar-16,7405,15/9-F-1 C,24,231.524,108.13,202.044,0,54.76382,29.48,76.353,13.28,276,45176,894
30-Mar-16,7405,15/9-F-1 C,24,228.853,108.106,200.457,0,54.74367,28.396,74.63,12.212,293,48067,833
31-Mar-16,7405,15/9-F-1 C,24,226.555,108.091,198.965,0,54.69002,27.59,74.726,11.86,287,46865,821
01-Apr-16,7405,15/9-F-1 C,24,224.568,108.074,197.511,0,54.77048,27.057,67.334,11.375,299,48700,794
02-Apr-16,7405,15/9-F-1 C,24,223.012,108.058,196.629,0,54.68774,26.383,69.559,10.681,285,46880,766
03-Apr-16,7405,15/9-F-1 C,24,221.813,108.044,196.133,0,54.72411,25.681,72.502,9.91,280,45843,748
04-Apr-16,7405,15/9-F-1 C,24,220.78,108.042,195.665,0,55.06795,25.115,71.75,9.197,282,45801,797
05-Apr-16,7405,15/9-F-1 C,24,218.752,108.078,193.411,0,55.99813,25.341,72.218,9.101,317,51991,793
06-Apr-16,7405,15/9-F-1 C,20.82,218.438,107.857,192.83,0,45.14344,25.608,66.568,9.83,208,34998,542
07-Apr-16,7405,15/9-F-1 C,0,228.199,104.819,191.137,0,0,37.062,19.72,14.37,0,0,0
08-Apr-16,7405,15/9-F-1 C,0,234.98,103.628,224.16,0,0.71281,10.82,7.476,4.903,0,0,0
09-Apr-16,7405,15/9-F-1 C,0,239.915,103.032,237.096,0,0.77911,2.82,2.078,3.856,0,0,0
10-Apr-16,7405,15/9-F-1 C,0,244.889,102.628,236.223,0,0,8.666,6.893,0.068,0,0,0
11-Apr-16,7405,15/9-F-1 C,0,249.408,102.132,241.948,0,0,7.46,9.14,0.216,0,0,0
12-Apr-16,7405,15/9-F-1 C,0,253.41,101.72,246.965,0,0,6.445,10.011,0.784,0,0,0
13-Apr-16,7405,15/9-F-1 C,0,256.99,101.509,249.882,0,0,7.107,10.237,0.496,0,0,0
14-Apr-16,7405,15/9-F-1 C,0,260.284,101.372,252.512,0,0,7.772,11.299,0.249,0,0,0
15-Apr-16,7405,15/9-F-1 C,0,263.327,101.269,255.063,0,0,8.263,10.54,0.077,0,0,0
16-Apr-16,7405,15/9-F-1 C,0,266.148,101.17,257.473,0,0,8.675,10.079,0.068,0,0,0
17-Apr-16,7405,15/9-F-1 C,0,270.268,101.198,263.77,0,0,6.498,9.802,2.645,0,0,0
18-Apr-16,7405,15/9-F-1 C,0,276.869,101.231,263.155,0,0,13.714,11.742,4.12,0,0,0
19-Apr-16,7405,15/9-F-1 C,0,282.105,101.178,273.53,0,0.26519,8.576,10.119,1.866,0,0,0
20-Apr-16,7405,15/9-F-1 C,0,285.096,101.131,266.816,0,0,18.28,9.872,7.414,0,0,0
21-Apr-16,7405,15/9-F-1 C,0,0,0,0,0,0,0,0,0,0,0,0
